#group,false,false,false,false,false,false,false
#datatype,string,double,double,string,double,dateTime:RFC3339,double
#default,,,,,,,
,SSID,core,core2,device,pipe,time,water
,Ståle  sin iPhone,32,30,ESP32-C6,-42,2025-03-11T15:48:52.718293694Z,36.5
,Ståle  sin iPhone,32.5,30,ESP32-C6,-42,2025-03-11T15:48:55.053210193Z,36.5
,Ståle  sin iPhone,32,30,ESP32-C6,-42,2025-03-11T15:48:57.33562704Z,36.5
,Ståle  sin iPhone,32,30,ESP32-C6,-42.5,2025-03-11T15:48:59.769642584Z,36.5
,Ståle  sin iPhone,32,30,ESP32-C6,-42.5,2025-03-11T15:49:02.021663744Z,36.5
,Ståle  sin iPhone,32,30,ESP32-C6,-42.5,2025-03-11T15:49:04.272999593Z,36.5
,Ståle  sin iPhone,32,30,ESP32-C6,-42.5,2025-03-11T15:49:06.538585843Z,36.5
,Ståle  sin iPhone,32,30,ESP32-C6,-42.5,2025-03-11T15:49:08.780133967Z,36.5
,Ståle  sin iPhone,32,30,ESP32-C6,-42.5,2025-03-11T15:49:11.032813876Z,36.5
,Ståle  sin iPhone,32,30,ESP32-C6,-42.5,2025-03-11T15:49:13.373251498Z,36.5
,Ståle  sin iPhone,32,30,ESP32-C6,-42.5,2025-03-11T15:49:15.650976397Z,36.5
,Ståle  sin iPhone,32,30,ESP32-C6,-42.5,2025-03-11T15:49:17.900141782Z,36.5
,Ståle  sin iPhone,32,30,ESP32-C6,-42.5,2025-03-11T15:49:20.353323309Z,36.5
,Ståle  sin iPhone,32,30,ESP32-C6,-42.5,2025-03-11T15:49:22.603133175Z,36.5
,Ståle  sin iPhone,32,30,ESP32-C6,-42.5,2025-03-11T15:49:24.969961136Z,36.5
,Ståle  sin iPhone,32,30,ESP32-C6,-42.5,2025-03-11T15:49:27.212516944Z,36.5
,Ståle  sin iPhone,32,30,ESP32-C6,-42.5,2025-03-11T15:49:29.469469304Z,36.5
,Ståle  sin iPhone,32,30,ESP32-C6,-42.5,2025-03-11T15:49:31.838093862Z,36.5
,Ståle  sin iPhone,32,30,ESP32-C6,-42.5,2025-03-11T15:49:34.295650431Z,36.5
,Ståle  sin iPhone,32,30,ESP32-C6,-42.5,2025-03-11T15:49:36.648414648Z,36.5
,Ståle  sin iPhone,32,30,ESP32-C6,-42.5,2025-03-11T15:49:39.00807813Z,36.5
,Ståle  sin iPhone,32,30,ESP32-C6,-43,2025-03-11T15:49:41.350819053Z,36.5
,Ståle  sin iPhone,32,30,ESP32-C6,-43,2025-03-11T15:49:43.605778091Z,36.5
,Ståle  sin iPhone,32,30,ESP32-C6,-43,2025-03-11T15:49:45.875579053Z,36.5
,Ståle  sin iPhone,32,30,ESP32-C6,-43,2025-03-11T15:49:48.209638369Z,36.5
,Ståle  sin iPhone,32,30,ESP32-C6,-43,2025-03-11T15:49:50.480666788Z,36.5
,Ståle  sin iPhone,32,30,ESP32-C6,-43,2025-03-11T15:49:52.919951869Z,36.5
,Ståle  sin iPhone,32,30,ESP32-C6,-43,2025-03-11T15:49:55.288230217Z,36.5
,Ståle  sin iPhone,32,30,ESP32-C6,-43,2025-03-11T15:49:57.848507714Z,36.5
,Ståle  sin iPhone,32,30,ESP32-C6,-43,2025-03-11T15:50:00.199211459Z,36.5
,Ståle  sin iPhone,32,30,ESP32-C6,-43,2025-03-11T15:50:02.550906793Z,36.5
,Ståle  sin iPhone,32,30,ESP32-C6,-42.5,2025-03-11T15:50:04.84612003Z,36.5
,Ståle  sin iPhone,32,30,ESP32-C6,-42,2025-03-11T15:50:07.152818579Z,36.5
,Ståle  sin iPhone,32,30,ESP32-C6,-41.5,2025-03-11T15:50:09.511057672Z,36.5
,Ståle  sin iPhone,32,30,ESP32-C6,-40,2025-03-11T15:50:11.767947101Z,36.5
,Ståle  sin iPhone,32,30,ESP32-C6,-39,2025-03-11T15:50:14.01513612Z,36.5
,Ståle  sin iPhone,32,30,ESP32-C6,-38,2025-03-11T15:50:16.280521854Z,36.5
,Ståle  sin iPhone,32,30,ESP32-C6,-37,2025-03-11T15:50:21.692588736Z,36.5
,Ståle  sin iPhone,32,30,ESP32-C6,-34,2025-03-11T15:50:23.942559007Z,36.5
,Ståle  sin iPhone,32,30,ESP32-C6,-33.5,2025-03-11T15:50:26.208430829Z,36.5
,Ståle  sin iPhone,32,30,ESP32-C6,-32.5,2025-03-11T15:50:28.458865688Z,36.5
,Ståle  sin iPhone,32,30,ESP32-C6,-32,2025-03-11T15:50:30.818490403Z,36.5
,Ståle  sin iPhone,32,30,ESP32-C6,-31,2025-03-11T15:50:33.059477659Z,36.5
,Ståle  sin iPhone,32,30,ESP32-C6,-30.5,2025-03-11T15:50:35.413874361Z,36.5
,Ståle  sin iPhone,32,30,ESP32-C6,-30,2025-03-11T15:50:37.669570549Z,36.5
,Ståle  sin iPhone,32,30,ESP32-C6,-29.5,2025-03-11T15:50:40.013900077Z,36.5
,Ståle  sin iPhone,32,30,ESP32-C6,-29,2025-03-11T15:50:42.372705893Z,36.5
,Ståle  sin iPhone,32,30,ESP32-C6,-28.5,2025-03-11T15:50:44.731811493Z,36.5
,Ståle  sin iPhone,32,30,ESP32-C6,-28,2025-03-11T15:50:46.998110128Z,36.5
,Ståle  sin iPhone,32,30,ESP32-C6,-27.5,2025-03-11T15:50:49.239608905Z,36.5
,Ståle  sin iPhone,32,30,ESP32-C6,-27,2025-03-11T15:50:51.483682355Z,36.5
,Ståle  sin iPhone,32,30.5,ESP32-C6,-27,2025-03-11T15:50:53.858820941Z,36.5
,Ståle  sin iPhone,32,30,ESP32-C6,-26.5,2025-03-11T15:50:56.10008789Z,36.5
,Ståle  sin iPhone,32,30,ESP32-C6,-26,2025-03-11T15:50:58.343037552Z,36.5
,Ståle  sin iPhone,32,30,ESP32-C6,-25.5,2025-03-11T15:51:00.617747372Z,36.5
,Ståle  sin iPhone,32,30,ESP32-C6,-25.5,2025-03-11T15:51:02.95171241Z,36.5
,Ståle  sin iPhone,32,30,ESP32-C6,-25,2025-03-11T15:51:05.213716152Z,36.5
,Ståle  sin iPhone,32,30,ESP32-C6,-24.5,2025-03-11T15:51:07.677797732Z,36.5
,Ståle  sin iPhone,32,30,ESP32-C6,-24.5,2025-03-11T15:51:09.930227089Z,36.5
,Ståle  sin iPhone,32,30,ESP32-C6,-24,2025-03-11T15:51:12.203688112Z,36.5
,Ståle  sin iPhone,32,30,ESP32-C6,-24,2025-03-11T15:51:14.639897328Z,36.5
,Ståle  sin iPhone,32,30,ESP32-C6,-23.5,2025-03-11T15:51:16.990218272Z,36.5
,Ståle  sin iPhone,32,30,ESP32-C6,-23.5,2025-03-11T15:51:19.343823065Z,36.5
,Ståle  sin iPhone,32,30,ESP32-C6,-23,2025-03-11T15:51:21.703243807Z,36.5
,Ståle  sin iPhone,32,30,ESP32-C6,-23,2025-03-11T15:51:26.721476688Z,36.5
,Ståle  sin iPhone,32,30,ESP32-C6,-22.5,2025-03-11T15:51:29.079352355Z,36.5
,Ståle  sin iPhone,32,30.5,ESP32-C6,-22,2025-03-11T15:51:31.330233913Z,36.5
,Ståle  sin iPhone,32,30,ESP32-C6,-22,2025-03-11T15:51:33.587850949Z,36.5
,Ståle  sin iPhone,32,30.5,ESP32-C6,-21.5,2025-03-11T15:51:35.823117318Z,36.5
,Ståle  sin iPhone,32,30,ESP32-C6,-21.5,2025-03-11T15:51:38.090575726Z,36.5
,Ståle  sin iPhone,32,30.5,ESP32-C6,-21.5,2025-03-11T15:51:40.449281819Z,36.5
,Ståle  sin iPhone,31.5,30,ESP32-C6,-21,2025-03-11T15:51:42.684229345Z,36.5
,Ståle  sin iPhone,31.5,30.5,ESP32-C6,-21,2025-03-11T15:51:45.057469791Z,36.5
,Ståle  sin iPhone,32,30,ESP32-C6,-21,2025-03-11T15:51:47.308464786Z,36.5
,Ståle  sin iPhone,32,30.5,ESP32-C6,-20.5,2025-03-11T15:51:49.544517983Z,36.5
,Ståle  sin iPhone,32,30,ESP32-C6,-20.5,2025-03-11T15:51:51.803935994Z,36.5
,Ståle  sin iPhone,32,30.5,ESP32-C6,-20.5,2025-03-11T15:51:54.052568233Z,36.5
,Ståle  sin iPhone,32,30.5,ESP32-C6,-20,2025-03-11T15:51:56.316423033Z,36.5
,Ståle  sin iPhone,31.5,30,ESP32-C6,-20,2025-03-11T15:51:58.662900286Z,36.5
,Ståle  sin iPhone,32,30,ESP32-C6,-20,2025-03-11T15:52:00.925951129Z,36.5
,Ståle  sin iPhone,32,30.5,ESP32-C6,-19.5,2025-03-11T15:52:03.280532903Z,36.5
,Ståle  sin iPhone,32,30.5,ESP32-C6,-19.5,2025-03-11T15:52:05.539202858Z,36.5
,Ståle  sin iPhone,31.5,30.5,ESP32-C6,-19.5,2025-03-11T15:52:07.780267045Z,36.5
,Ståle  sin iPhone,32,30.5,ESP32-C6,-19.5,2025-03-11T15:52:10.035196251Z,36.5
,Ståle  sin iPhone,31.5,30.5,ESP32-C6,-19,2025-03-11T15:52:12.289903211Z,36.5
,Ståle  sin iPhone,31.5,30.5,ESP32-C6,-19,2025-03-11T15:52:14.548669985Z,36.5
,Ståle  sin iPhone,31.5,30.5,ESP32-C6,-19,2025-03-11T15:52:16.787088728Z,36.5
,Ståle  sin iPhone,31.5,30.5,ESP32-C6,-19,2025-03-11T15:52:19.143664407Z,36.5
,Ståle  sin iPhone,31.5,30.5,ESP32-C6,-18.5,2025-03-11T15:52:21.407648904Z,36.5
,Ståle  sin iPhone,31.5,30.5,ESP32-C6,-18.5,2025-03-11T15:52:23.643576028Z,36.5
,Ståle  sin iPhone,32,30.5,ESP32-C6,-18.5,2025-03-11T15:52:26.010652274Z,36.5
,Ståle  sin iPhone,31.5,30.5,ESP32-C6,-18.5,2025-03-11T15:52:28.353299182Z,36
,Ståle  sin iPhone,31.5,30.5,ESP32-C6,-18.5,2025-03-11T15:52:30.686779537Z,36.5
,Ståle  sin iPhone,31.5,30.5,ESP32-C6,-18,2025-03-11T15:52:32.97929154Z,36.5
,Ståle  sin iPhone,31.5,30.5,ESP32-C6,-18,2025-03-11T15:52:35.338473542Z,36.5
,Ståle  sin iPhone,31.5,30.5,ESP32-C6,-18,2025-03-11T15:52:40.644049545Z,36.5
,Ståle  sin iPhone,31.5,30.5,ESP32-C6,-17.5,2025-03-11T15:52:43.009657954Z,36.5
,Ståle  sin iPhone,31.5,30.5,ESP32-C6,-17.5,2025-03-11T15:52:45.260143921Z,36.5
,Ståle  sin iPhone,31.5,30.5,ESP32-C6,-17.5,2025-03-11T15:52:47.51137074Z,36.5
,Ståle  sin iPhone,31.5,30.5,ESP32-C6,-17.5,2025-03-11T15:52:49.769821146Z,36.5
,Ståle  sin iPhone,31.5,30.5,ESP32-C6,-17.5,2025-03-11T15:52:52.012702729Z,36.5
,Ståle  sin iPhone,31.5,30.5,ESP32-C6,-17,2025-03-11T15:52:54.472920302Z,36.5
,Ståle  sin iPhone,31.5,30.5,ESP32-C6,-17,2025-03-11T15:52:56.731564703Z,36.5
,Ståle  sin iPhone,31.5,30.5,ESP32-C6,-17,2025-03-11T15:52:58.979874275Z,36.5
,Ståle  sin iPhone,31.5,30.5,ESP32-C6,-17,2025-03-11T15:53:01.341556302Z,36.5
,Ståle  sin iPhone,31.5,30.5,ESP32-C6,-17,2025-03-11T15:53:03.599001097Z,36.5
,Ståle  sin iPhone,31.5,30.5,ESP32-C6,-17,2025-03-11T15:53:06.058716827Z,36.5
,Ståle  sin iPhone,31.5,30.5,ESP32-C6,-17,2025-03-11T15:53:08.292941236Z,36.5
,Ståle  sin iPhone,31.5,30.5,ESP32-C6,-17,2025-03-11T15:53:10.561708989Z,36.5
,Ståle  sin iPhone,31.5,30.5,ESP32-C6,-16.5,2025-03-11T15:53:12.809544119Z,36.5
,Ståle  sin iPhone,31.5,30.5,ESP32-C6,-16.5,2025-03-11T15:53:15.062180733Z,36.5
,Ståle  sin iPhone,31.5,30.5,ESP32-C6,-16.5,2025-03-11T15:53:17.311930098Z,36.5
,Ståle  sin iPhone,31.5,30.5,ESP32-C6,-16.5,2025-03-11T15:53:19.672741011Z,36.5
,Ståle  sin iPhone,31.5,30.5,ESP32-C6,-16.5,2025-03-11T15:53:21.928679359Z,36.5
,Ståle  sin iPhone,31.5,30.5,ESP32-C6,-16.5,2025-03-11T15:53:24.164208996Z,36.5
,Ståle  sin iPhone,31.5,30.5,ESP32-C6,-16.5,2025-03-11T15:53:26.531637393Z,36
,Ståle  sin iPhone,31.5,30.5,ESP32-C6,-16.5,2025-03-11T15:53:31.5303052Z,36.5
,Ståle  sin iPhone,31.5,30.5,ESP32-C6,-16,2025-03-11T15:53:33.808490282Z,36.5
,Ståle  sin iPhone,31.5,30.5,ESP32-C6,-16,2025-03-11T15:53:39.140064007Z,36.5
,Ståle  sin iPhone,31.5,30.5,ESP32-C6,-16,2025-03-11T15:53:41.472888112Z,36.5
,Ståle  sin iPhone,31.5,30.5,ESP32-C6,-16,2025-03-11T15:53:43.731061434Z,36
,Ståle  sin iPhone,31.5,30.5,ESP32-C6,-16,2025-03-11T15:53:45.983821934Z,36
,Ståle  sin iPhone,31.5,30.5,ESP32-C6,-16,2025-03-11T15:53:48.23222748Z,36.5
,Ståle  sin iPhone,31.5,30.5,ESP32-C6,-16,2025-03-11T15:53:50.491289568Z,36.5
,Ståle  sin iPhone,31.5,30.5,ESP32-C6,-16,2025-03-11T15:53:52.865562228Z,36.5
,Ståle  sin iPhone,31.5,30.5,ESP32-C6,-16,2025-03-11T15:53:55.308535154Z,36.5
,Ståle  sin iPhone,31.5,30.5,ESP32-C6,-15.5,2025-03-11T15:53:57.661651632Z,36.5
,Ståle  sin iPhone,31.5,30.5,ESP32-C6,-15.5,2025-03-11T15:53:59.903947305Z,36.5
,Ståle  sin iPhone,31.5,30.5,ESP32-C6,-15.5,2025-03-11T15:54:02.369756598Z,36.5
,Ståle  sin iPhone,31.5,30.5,ESP32-C6,-15.5,2025-03-11T15:54:04.635954191Z,36.5
,Ståle  sin iPhone,31.5,30.5,ESP32-C6,-15.5,2025-03-11T15:54:06.988610508Z,36.5
,Ståle  sin iPhone,31.5,30.5,ESP32-C6,-15.5,2025-03-11T15:54:09.329833799Z,36.5
,Ståle  sin iPhone,31.5,30.5,ESP32-C6,-15.5,2025-03-11T15:54:11.572461398Z,36
,Ståle  sin iPhone,31.5,30.5,ESP32-C6,-15.5,2025-03-11T15:54:13.948329407Z,36.5
,Ståle  sin iPhone,31.5,30.5,ESP32-C6,-15.5,2025-03-11T15:54:16.40080065Z,36.5
,Ståle  sin iPhone,31.5,30.5,ESP32-C6,-15.5,2025-03-11T15:54:18.651086549Z,36.5
,Ståle  sin iPhone,31.5,30.5,ESP32-C6,-15.5,2025-03-11T15:54:20.908587951Z,36.5
,Ståle  sin iPhone,31.5,30.5,ESP32-C6,-15.5,2025-03-11T15:54:23.158688099Z,36.5
,Ståle  sin iPhone,31.5,30.5,ESP32-C6,-15.5,2025-03-11T15:54:25.517689301Z,36.5
,Ståle  sin iPhone,31.5,30.5,ESP32-C6,-15.5,2025-03-11T15:54:27.870516596Z,36.5
,Ståle  sin iPhone,31.5,30.5,ESP32-C6,-15.5,2025-03-11T15:54:30.121368298Z,36
,Ståle  sin iPhone,31.5,30.5,ESP32-C6,-15.5,2025-03-11T15:54:32.388410124Z,36.5
,Ståle  sin iPhone,31.5,30.5,ESP32-C6,-15.5,2025-03-11T15:54:34.720982754Z,36
,Ståle  sin iPhone,31.5,30.5,ESP32-C6,-15.5,2025-03-11T15:54:36.996190185Z,36.5
,Ståle  sin iPhone,31.5,30.5,ESP32-C6,-15.5,2025-03-11T15:54:39.348320027Z,36.5
,Ståle  sin iPhone,31.5,30.5,ESP32-C6,-15.5,2025-03-11T15:54:41.893723985Z,36
,Ståle  sin iPhone,31.5,30.5,ESP32-C6,-15.5,2025-03-11T15:54:44.250698591Z,36.5
,Ståle  sin iPhone,31.5,30.5,ESP32-C6,-15.5,2025-03-11T15:54:46.602647423Z,36
,Ståle  sin iPhone,31.5,30.5,ESP32-C6,-15.5,2025-03-11T15:54:48.853838024Z,36
,Ståle  sin iPhone,31.5,30.5,ESP32-C6,-15.5,2025-03-11T15:54:51.10997616Z,36
,Ståle  sin iPhone,31.5,30.5,ESP32-C6,-15,2025-03-11T15:54:53.472245865Z,36
,Ståle  sin iPhone,31.5,30.5,ESP32-C6,-15,2025-03-11T15:54:55.828402789Z,36.5
,Ståle  sin iPhone,31.5,30.5,ESP32-C6,-15.5,2025-03-11T15:54:58.077518864Z,36
,Ståle  sin iPhone,31.5,30.5,ESP32-C6,-15.5,2025-03-11T15:55:00.32531088Z,36
,Ståle  sin iPhone,31.5,30.5,ESP32-C6,-15,2025-03-11T15:55:02.588545515Z,36
,Ståle  sin iPhone,31.5,30.5,ESP32-C6,-15.5,2025-03-11T15:55:04.83062672Z,36
,Ståle  sin iPhone,31.5,30.5,ESP32-C6,-15,2025-03-11T15:55:07.197836814Z,36
,Ståle  sin iPhone,31.5,30.5,ESP32-C6,-15,2025-03-11T15:55:09.43098592Z,36
,Ståle  sin iPhone,31.5,30.5,ESP32-C6,-15.5,2025-03-11T15:55:11.909141083Z,36
,Ståle  sin iPhone,31.5,30.5,ESP32-C6,-15.5,2025-03-11T15:55:14.257553031Z,36
,Ståle  sin iPhone,31.5,30.5,ESP32-C6,-15.5,2025-03-11T15:55:16.509944764Z,36
,Ståle  sin iPhone,31.5,30.5,ESP32-C6,-15,2025-03-11T15:55:18.760328535Z,36
,Ståle  sin iPhone,31.5,30.5,ESP32-C6,-15.5,2025-03-11T15:55:21.010186894Z,36
,Ståle  sin iPhone,31.5,30.5,ESP32-C6,-15.5,2025-03-11T15:55:23.470038165Z,36
,Ståle  sin iPhone,31.5,30.5,ESP32-C6,-15.5,2025-03-11T15:55:25.821714074Z,36
,Ståle  sin iPhone,31.5,30.5,ESP32-C6,-15,2025-03-11T15:55:28.201167187Z,36
,Ståle  sin iPhone,31.5,30.5,ESP32-C6,-15.5,2025-03-11T15:55:30.54294653Z,36
,Ståle  sin iPhone,31.5,30.5,ESP32-C6,-15.5,2025-03-11T15:55:32.791579682Z,36
,Ståle  sin iPhone,31.5,30.5,ESP32-C6,-15.5,2025-03-11T15:55:35.041179417Z,36
,Ståle  sin iPhone,31.5,30.5,ESP32-C6,-15.5,2025-03-11T15:55:37.306315692Z,36
,Ståle  sin iPhone,31.5,30.5,ESP32-C6,-15.5,2025-03-11T15:55:39.653245282Z,36
,Ståle  sin iPhone,31.5,30.5,ESP32-C6,-15.5,2025-03-11T15:55:41.993199877Z,36
,Ståle  sin iPhone,31.5,30.5,ESP32-C6,-15.5,2025-03-11T15:55:44.269555631Z,36
,Ståle  sin iPhone,31.5,30.5,ESP32-C6,-15.5,2025-03-11T15:55:46.609911326Z,36
,Ståle  sin iPhone,31.5,30.5,ESP32-C6,-15.5,2025-03-11T15:55:48.977703705Z,36
,Ståle  sin iPhone,31.5,30.5,ESP32-C6,-15.5,2025-03-11T15:55:51.321157504Z,36
,Ståle  sin iPhone,31.5,30.5,ESP32-C6,-15.5,2025-03-11T15:55:53.573450005Z,36
,Ståle  sin iPhone,31.5,30.5,ESP32-C6,-15.5,2025-03-11T15:55:55.932142599Z,36.5
,Ståle  sin iPhone,31.5,30.5,ESP32-C6,-15.5,2025-03-11T15:55:58.482882049Z,36
,Ståle  sin iPhone,31.5,30.5,ESP32-C6,-15.5,2025-03-11T15:56:00.842558978Z,36
,Ståle  sin iPhone,31.5,30.5,ESP32-C6,-15.5,2025-03-11T15:56:03.215518803Z,36
,Ståle  sin iPhone,31.5,30.5,ESP32-C6,-15.5,2025-03-11T15:56:05.569907455Z,36
,Ståle  sin iPhone,31.5,30.5,ESP32-C6,-15.5,2025-03-11T15:56:08.021886278Z,36
,Ståle  sin iPhone,31.5,30.5,ESP32-C6,-15.5,2025-03-11T15:56:10.242759977Z,36
,Ståle  sin iPhone,31.5,30.5,ESP32-C6,-15.5,2025-03-11T15:56:12.527984037Z,36
,Ståle  sin iPhone,31.5,30.5,ESP32-C6,-15.5,2025-03-11T15:56:14.768014229Z,36
,Ståle  sin iPhone,31.5,30.5,ESP32-C6,-15.5,2025-03-11T15:56:17.028635086Z,36
,Ståle  sin iPhone,31.5,30.5,ESP32-C6,-15.5,2025-03-11T15:56:19.288553434Z,36
,Ståle  sin iPhone,31.5,30.5,ESP32-C6,-15.5,2025-03-11T15:56:21.63825567Z,36
,Ståle  sin iPhone,31.5,30.5,ESP32-C6,-15.5,2025-03-11T15:56:23.88045771Z,36
,Ståle  sin iPhone,31.5,30.5,ESP32-C6,-15.5,2025-03-11T15:56:26.148339515Z,36
,Ståle  sin iPhone,31.5,30.5,ESP32-C6,-16,2025-03-11T15:56:28.489813531Z,36
,Ståle  sin iPhone,31.5,30.5,ESP32-C6,-16,2025-03-11T15:56:30.850367256Z,36
,Ståle  sin iPhone,31.5,30.5,ESP32-C6,-16,2025-03-11T15:56:33.207946144Z,36
,Ståle  sin iPhone,31.5,30.5,ESP32-C6,-16,2025-03-11T15:56:35.461910626Z,36
,Ståle  sin iPhone,31.5,30.5,ESP32-C6,-16,2025-03-11T15:56:37.703016957Z,36
,Ståle  sin iPhone,31.5,30.5,ESP32-C6,-16,2025-03-11T15:56:39.959474144Z,36
,Ståle  sin iPhone,31.5,30.5,ESP32-C6,-16,2025-03-11T15:56:42.218253692Z,36
,Ståle  sin iPhone,31.5,30,ESP32-C6,-16,2025-03-11T15:56:44.577800522Z,36
,Ståle  sin iPhone,31.5,30,ESP32-C6,-16,2025-03-11T15:56:46.82873735Z,36
,Ståle  sin iPhone,31.5,30,ESP32-C6,-16,2025-03-11T15:56:49.180698473Z,36
,Ståle  sin iPhone,31.5,29.5,ESP32-C6,-16,2025-03-11T15:56:51.530753118Z,36
,Ståle  sin iPhone,31.5,29.5,ESP32-C6,-16,2025-03-11T15:56:53.789766299Z,36
,Ståle  sin iPhone,31.5,29.5,ESP32-C6,-16,2025-03-11T15:56:56.040948033Z,36
,Ståle  sin iPhone,31.5,29.5,ESP32-C6,-16,2025-03-11T15:56:58.298472475Z,36
,Ståle  sin iPhone,31.5,29,ESP32-C6,-16,2025-03-11T15:57:00.549064747Z,36
,Ståle  sin iPhone,31.5,29,ESP32-C6,-16,2025-03-11T15:57:02.792498837Z,36
,Ståle  sin iPhone,31.5,29,ESP32-C6,-16.5,2025-03-11T15:57:05.250055485Z,36
,Ståle  sin iPhone,31.5,29,ESP32-C6,-16.5,2025-03-11T15:57:07.617922899Z,36
,Ståle  sin iPhone,31.5,28.5,ESP32-C6,-16.5,2025-03-11T15:57:09.881226229Z,36
,Ståle  sin iPhone,31.5,28.5,ESP32-C6,-16.5,2025-03-11T15:57:12.32920641Z,36
,Ståle  sin iPhone,31.5,28.5,ESP32-C6,-16.5,2025-03-11T15:57:14.570826768Z,36
,Ståle  sin iPhone,31.5,28.5,ESP32-C6,-16.5,2025-03-11T15:57:16.929805249Z,36
,Ståle  sin iPhone,31.5,28.5,ESP32-C6,-16.5,2025-03-11T15:57:19.302685576Z,36
,Ståle  sin iPhone,31.5,28,ESP32-C6,-16.5,2025-03-11T15:57:22.057975857Z,36
,Ståle  sin iPhone,31.5,28,ESP32-C6,-16.5,2025-03-11T15:57:24.292913257Z,36
,Ståle  sin iPhone,31.5,28,ESP32-C6,-16.5,2025-03-11T15:57:26.660992009Z,36
,Ståle  sin iPhone,31.5,28,ESP32-C6,-16.5,2025-03-11T15:57:29.018751658Z,36
,Ståle  sin iPhone,31.5,28,ESP32-C6,-16.5,2025-03-11T15:57:31.276246039Z,36
,Ståle  sin iPhone,31.5,27.5,ESP32-C6,-16.5,2025-03-11T15:57:33.61993868Z,36
,Ståle  sin iPhone,31.5,27.5,ESP32-C6,-17,2025-03-11T15:57:35.870791496Z,36
,Ståle  sin iPhone,31.5,27.5,ESP32-C6,-17,2025-03-11T15:57:38.119888907Z,36
,Ståle  sin iPhone,31.5,27.5,ESP32-C6,-17,2025-03-11T15:57:40.379891415Z,36
,Ståle  sin iPhone,31.5,27.5,ESP32-C6,-17,2025-03-11T15:57:42.742060504Z,36
,Ståle  sin iPhone,31.5,27,ESP32-C6,-17,2025-03-11T15:57:44.990799406Z,36
,Ståle  sin iPhone,31.5,27,ESP32-C6,-17,2025-03-11T15:57:47.239267761Z,36
,Ståle  sin iPhone,31.5,27,ESP32-C6,-17,2025-03-11T15:57:49.484428963Z,36
,Ståle  sin iPhone,31.5,27,ESP32-C6,-17,2025-03-11T15:57:51.750214685Z,36
,Ståle  sin iPhone,31.5,27,ESP32-C6,-17,2025-03-11T15:57:54.007673423Z,36
,Ståle  sin iPhone,31.5,27,ESP32-C6,-17,2025-03-11T15:57:56.359202648Z,36
,Ståle  sin iPhone,31.5,27,ESP32-C6,-17,2025-03-11T15:57:58.810294735Z,36
,Ståle  sin iPhone,31.5,26.5,ESP32-C6,-17.5,2025-03-11T15:58:01.075519528Z,36
,Ståle  sin iPhone,31.5,26.5,ESP32-C6,-17.5,2025-03-11T15:58:03.427779685Z,36
,Ståle  sin iPhone,31.5,26.5,ESP32-C6,-17.5,2025-03-11T15:58:05.778116919Z,36
,Ståle  sin iPhone,31.5,26.5,ESP32-C6,-17.5,2025-03-11T15:58:08.0227229Z,36
,Ståle  sin iPhone,31.5,26.5,ESP32-C6,-17.5,2025-03-11T15:58:10.274568853Z,36
,Ståle  sin iPhone,31.5,26,ESP32-C6,-17.5,2025-03-11T15:58:12.532187246Z,36
,Ståle  sin iPhone,31.5,26,ESP32-C6,-17.5,2025-03-11T15:58:14.811508474Z,36
,Ståle  sin iPhone,31.5,26,ESP32-C6,-17.5,2025-03-11T15:58:17.140894909Z,36
,Ståle  sin iPhone,31.5,26,ESP32-C6,-17.5,2025-03-11T15:58:19.384281294Z,36
,Ståle  sin iPhone,31.5,26,ESP32-C6,-18,2025-03-11T15:58:21.632845231Z,36
,Ståle  sin iPhone,31.5,26,ESP32-C6,-18,2025-03-11T15:58:23.901582209Z,36
,Ståle  sin iPhone,31.5,25.5,ESP32-C6,-18,2025-03-11T15:58:26.268701781Z,36
,Ståle  sin iPhone,31.5,25.5,ESP32-C6,-18,2025-03-11T15:58:28.828582389Z,36
,Ståle  sin iPhone,31.5,25.5,ESP32-C6,-18,2025-03-11T15:58:31.387723912Z,36
,Ståle  sin iPhone,31.5,25.5,ESP32-C6,-18,2025-03-11T15:58:33.721013576Z,36
,Ståle  sin iPhone,31.5,25.5,ESP32-C6,-18,2025-03-11T15:58:36.080307962Z,36
,Ståle  sin iPhone,31.5,25.5,ESP32-C6,-18,2025-03-11T15:58:38.424565605Z,36
,Ståle  sin iPhone,31.5,25.5,ESP32-C6,-18,2025-03-11T15:58:40.690793734Z,36
,Ståle  sin iPhone,31.5,25.5,ESP32-C6,-18,2025-03-11T15:58:43.042755472Z,36
,Ståle  sin iPhone,31.5,25.5,ESP32-C6,-18,2025-03-11T15:58:45.287648145Z,36
,Ståle  sin iPhone,31.5,25,ESP32-C6,-18.5,2025-03-11T15:58:47.549962427Z,36
,Ståle  sin iPhone,31.5,25,ESP32-C6,-18.5,2025-03-11T15:58:49.800759127Z,36
,Ståle  sin iPhone,31.5,25,ESP32-C6,-18.5,2025-03-11T15:58:52.158236439Z,36
,Ståle  sin iPhone,31.5,25,ESP32-C6,-18.5,2025-03-11T15:58:54.403568469Z,36
,Ståle  sin iPhone,31.5,25,ESP32-C6,-18.5,2025-03-11T15:58:56.677719484Z,36
,Ståle  sin iPhone,31.5,25,ESP32-C6,-18.5,2025-03-11T15:58:59.108203192Z,36
,Ståle  sin iPhone,31.5,25,ESP32-C6,-18.5,2025-03-11T15:59:01.479958104Z,36
,Ståle  sin iPhone,31.5,25,ESP32-C6,-18.5,2025-03-11T15:59:03.730829104Z,36
,Ståle  sin iPhone,31.5,25,ESP32-C6,-19,2025-03-11T15:59:06.08993457Z,36
,Ståle  sin iPhone,31.5,25,ESP32-C6,-19,2025-03-11T15:59:08.360850312Z,36
,Ståle  sin iPhone,31.5,24.5,ESP32-C6,-19,2025-03-11T15:59:10.800596218Z,36
,Ståle  sin iPhone,31.5,24.5,ESP32-C6,-19,2025-03-11T15:59:13.268583808Z,36
,Ståle  sin iPhone,31.5,24.5,ESP32-C6,-19,2025-03-11T15:59:15.710523268Z,36
,Ståle  sin iPhone,31.5,24.5,ESP32-C6,-19,2025-03-11T15:59:17.968959731Z,36
,Ståle  sin iPhone,31.5,24.5,ESP32-C6,-19,2025-03-11T15:59:20.228403718Z,36
,Ståle  sin iPhone,31.5,24.5,ESP32-C6,-19,2025-03-11T15:59:22.575783559Z,36
,Ståle  sin iPhone,31.5,24.5,ESP32-C6,-19,2025-03-11T15:59:24.829869467Z,36
,Ståle  sin iPhone,31.5,24.5,ESP32-C6,-19,2025-03-11T15:59:27.087913061Z,36
,Ståle  sin iPhone,31.5,24.5,ESP32-C6,-19.5,2025-03-11T15:59:29.337821307Z,36
,Ståle  sin iPhone,31.5,24.5,ESP32-C6,-19.5,2025-03-11T15:59:31.572547893Z,36
,Ståle  sin iPhone,31.5,24.5,ESP32-C6,-19.5,2025-03-11T15:59:33.84117877Z,36
,Ståle  sin iPhone,31.5,24.5,ESP32-C6,-19.5,2025-03-11T15:59:36.197719429Z,36
,Ståle  sin iPhone,31.5,24.5,ESP32-C6,-19.5,2025-03-11T15:59:38.649938219Z,36
,Ståle  sin iPhone,31.5,24,ESP32-C6,-19.5,2025-03-11T15:59:40.900531032Z,36
,Ståle  sin iPhone,31.5,24,ESP32-C6,-19.5,2025-03-11T15:59:43.157664101Z,36
,Ståle  sin iPhone,31.5,24,ESP32-C6,-19.5,2025-03-11T15:59:45.417725189Z,36
,Ståle  sin iPhone,31.5,24,ESP32-C6,-19.5,2025-03-11T15:59:47.977956231Z,36
,Ståle  sin iPhone,31.5,24,ESP32-C6,-20,2025-03-11T15:59:50.321017327Z,36
,Ståle  sin iPhone,31.5,24,ESP32-C6,-20,2025-03-11T15:59:52.589036214Z,36
,Ståle  sin iPhone,31.5,24,ESP32-C6,-20,2025-03-11T15:59:54.929778677Z,36
,Ståle  sin iPhone,31.5,24,ESP32-C6,-20,2025-03-11T15:59:57.180173008Z,36
,Ståle  sin iPhone,31.5,24,ESP32-C6,-20,2025-03-11T15:59:59.541072956Z,36
,Ståle  sin iPhone,31.5,24,ESP32-C6,-20,2025-03-11T16:00:02.000897201Z,36
,Ståle  sin iPhone,31.5,24,ESP32-C6,-20,2025-03-11T16:00:04.280527174Z,36
,Ståle  sin iPhone,31.5,24,ESP32-C6,-20.5,2025-03-11T16:00:06.602643096Z,36
,Ståle  sin iPhone,31.5,24,ESP32-C6,-20.5,2025-03-11T16:00:08.860925667Z,36
,Ståle  sin iPhone,31.5,24,ESP32-C6,-20.5,2025-03-11T16:00:11.228296732Z,36
,Ståle  sin iPhone,31.5,24,ESP32-C6,-20.5,2025-03-11T16:00:13.57168869Z,36
,Ståle  sin iPhone,31.5,24,ESP32-C6,-20.5,2025-03-11T16:00:16.130760466Z,36
,Ståle  sin iPhone,31.5,24,ESP32-C6,-20.5,2025-03-11T16:00:18.474042278Z,36
,Ståle  sin iPhone,31.5,23.5,ESP32-C6,-20.5,2025-03-11T16:00:20.950916355Z,36
,Ståle  sin iPhone,31.5,23.5,ESP32-C6,-20.5,2025-03-11T16:00:23.599972434Z,36
,Ståle  sin iPhone,31.5,23.5,ESP32-C6,-21,2025-03-11T16:00:25.845886617Z,36
,Ståle  sin iPhone,31.5,23.5,ESP32-C6,-21,2025-03-11T16:00:28.209632343Z,36
,Ståle  sin iPhone,31.5,23.5,ESP32-C6,-21,2025-03-11T16:00:30.679131556Z,36
,Ståle  sin iPhone,31.5,23.5,ESP32-C6,-21,2025-03-11T16:00:33.146147721Z,36
,Ståle  sin iPhone,31.5,23.5,ESP32-C6,-21,2025-03-11T16:00:35.480700932Z,36
,Ståle  sin iPhone,31.5,23.5,ESP32-C6,-21,2025-03-11T16:00:37.720746628Z,36
,Ståle  sin iPhone,31.5,23.5,ESP32-C6,-21,2025-03-11T16:00:43.075979002Z,36
,Ståle  sin iPhone,31.5,23.5,ESP32-C6,-21.5,2025-03-11T16:00:45.528929784Z,36
,Ståle  sin iPhone,31.5,23.5,ESP32-C6,-21.5,2025-03-11T16:00:47.894510132Z,36
,Ståle  sin iPhone,31.5,23.5,ESP32-C6,-21.5,2025-03-11T16:00:50.130612151Z,36
,Ståle  sin iPhone,31.5,23.5,ESP32-C6,-21.5,2025-03-11T16:00:52.364601086Z,36
,Ståle  sin iPhone,31.5,23.5,ESP32-C6,-21.5,2025-03-11T16:00:54.72514571Z,36
,Ståle  sin iPhone,31.5,23.5,ESP32-C6,-21.5,2025-03-11T16:00:56.992596128Z,36
,Ståle  sin iPhone,31.5,23.5,ESP32-C6,-21.5,2025-03-11T16:00:59.241280183Z,36
,Ståle  sin iPhone,31.5,23.5,ESP32-C6,-21.5,2025-03-11T16:01:01.473037362Z,36
,Ståle  sin iPhone,31.5,23.5,ESP32-C6,-22,2025-03-11T16:01:03.843840508Z,36
,Ståle  sin iPhone,31.5,23.5,ESP32-C6,-22,2025-03-11T16:01:06.116750369Z,36
,Ståle  sin iPhone,31.5,23.5,ESP32-C6,-22,2025-03-11T16:01:08.443538079Z,36
,Ståle  sin iPhone,31.5,23.5,ESP32-C6,-22,2025-03-11T16:01:10.81939829Z,36
,Ståle  sin iPhone,31.5,23.5,ESP32-C6,-22,2025-03-11T16:01:13.067488912Z,36
,Ståle  sin iPhone,31.5,23.5,ESP32-C6,-22,2025-03-11T16:01:15.428948537Z,36
,Ståle  sin iPhone,31.5,23.5,ESP32-C6,-22,2025-03-11T16:01:17.770455041Z,36
,Ståle  sin iPhone,31.5,23.5,ESP32-C6,-22,2025-03-11T16:01:20.130617549Z,36
,Ståle  sin iPhone,31.5,23.5,ESP32-C6,-22.5,2025-03-11T16:01:22.603193614Z,36
,Ståle  sin iPhone,31.5,23.5,ESP32-C6,-22.5,2025-03-11T16:01:24.758280713Z,36
,Ståle  sin iPhone,31.5,23.5,ESP32-C6,-22.5,2025-03-11T16:01:27.102282617Z,36
,Ståle  sin iPhone,31.5,23.5,ESP32-C6,-22.5,2025-03-11T16:01:29.358322133Z,36
,Ståle  sin iPhone,31.5,23.5,ESP32-C6,-22.5,2025-03-11T16:01:31.810582441Z,36
,Ståle  sin iPhone,31.5,23.5,ESP32-C6,-22.5,2025-03-11T16:01:34.15965369Z,36
,Ståle  sin iPhone,31.5,23.5,ESP32-C6,-22.5,2025-03-11T16:01:36.517728271Z,36
,Ståle  sin iPhone,31.5,23.5,ESP32-C6,-22.5,2025-03-11T16:01:38.971049931Z,36
,Ståle  sin iPhone,31.5,23.5,ESP32-C6,-23,2025-03-11T16:01:41.220056424Z,36
,Ståle  sin iPhone,31.5,23.5,ESP32-C6,-23,2025-03-11T16:01:43.480554063Z,36
,Ståle  sin iPhone,31.5,23.5,ESP32-C6,-23,2025-03-11T16:01:45.730122581Z,36
,Ståle  sin iPhone,31.5,23.5,ESP32-C6,-23,2025-03-11T16:01:48.088577742Z,36
,Ståle  sin iPhone,31.5,23.5,ESP32-C6,-23,2025-03-11T16:01:53.108556404Z,36
,Ståle  sin iPhone,31.5,23.5,ESP32-C6,-23,2025-03-11T16:01:55.357840105Z,36
,Ståle  sin iPhone,31.5,23.5,ESP32-C6,-23,2025-03-11T16:01:57.702612391Z,36
,Ståle  sin iPhone,31.5,23.5,ESP32-C6,-23.5,2025-03-11T16:01:59.968502055Z,36
,Ståle  sin iPhone,31.5,23.5,ESP32-C6,-23.5,2025-03-11T16:02:02.319857089Z,36
,Ståle  sin iPhone,31,23.5,ESP32-C6,-23.5,2025-03-11T16:02:04.672888391Z,36
,Ståle  sin iPhone,31.5,23.5,ESP32-C6,-23.5,2025-03-11T16:02:06.927704847Z,36
,Ståle  sin iPhone,31.5,23.5,ESP32-C6,-23.5,2025-03-11T16:02:09.260945999Z,36
,Ståle  sin iPhone,31.5,23.5,ESP32-C6,-23.5,2025-03-11T16:02:11.54782662Z,36
,Ståle  sin iPhone,31.5,23.5,ESP32-C6,-23.5,2025-03-11T16:02:14.108181829Z,36
,Ståle  sin iPhone,31.5,23.5,ESP32-C6,-24,2025-03-11T16:02:19.228490839Z,36
,Ståle  sin iPhone,31.5,23.5,ESP32-C6,-24,2025-03-11T16:02:21.578645036Z,36
,Ståle  sin iPhone,31.5,23.5,ESP32-C6,-24,2025-03-11T16:02:24.020686967Z,36
,Ståle  sin iPhone,31.5,23.5,ESP32-C6,-24,2025-03-11T16:02:26.280921029Z,36
,Ståle  sin iPhone,31.5,23.5,ESP32-C6,-24,2025-03-11T16:02:28.538720355Z,36
,Ståle  sin iPhone,31.5,23.5,ESP32-C6,-24,2025-03-11T16:02:30.771001985Z,36
,Ståle  sin iPhone,31.5,23.5,ESP32-C6,-24,2025-03-11T16:02:33.031017456Z,36
,Ståle  sin iPhone,31.5,23.5,ESP32-C6,-24.5,2025-03-11T16:02:35.378577513Z,36
,Ståle  sin iPhone,31.5,23.5,ESP32-C6,-24.5,2025-03-11T16:02:37.658586629Z,36
,Ståle  sin iPhone,31.5,23.5,ESP32-C6,-24.5,2025-03-11T16:02:39.992619577Z,36
,Ståle  sin iPhone,31.5,23.5,ESP32-C6,-24.5,2025-03-11T16:02:42.258064848Z,36
,Ståle  sin iPhone,31.5,23.5,ESP32-C6,-24.5,2025-03-11T16:02:44.519303332Z,36
,Ståle  sin iPhone,31.5,23.5,ESP32-C6,-24.5,2025-03-11T16:02:47.066520311Z,36
,Ståle  sin iPhone,31.5,23.5,ESP32-C6,-24.5,2025-03-11T16:02:49.73194655Z,36
,Ståle  sin iPhone,31.5,23.5,ESP32-C6,-24.5,2025-03-11T16:02:52.600842006Z,36
,Ståle  sin iPhone,31.5,23.5,ESP32-C6,-25,2025-03-11T16:02:55.089473558Z,36
,Ståle  sin iPhone,31.5,23.5,ESP32-C6,-25,2025-03-11T16:02:57.758624354Z,36
,Ståle  sin iPhone,31.5,23.5,ESP32-C6,-25,2025-03-11T16:03:00.280884023Z,36
,Ståle  sin iPhone,31.5,23.5,ESP32-C6,-25,2025-03-11T16:03:02.841214967Z,36
,Ståle  sin iPhone,31.5,23.5,ESP32-C6,-25,2025-03-11T16:03:05.29802404Z,36
,Ståle  sin iPhone,31.5,23.5,ESP32-C6,-25,2025-03-11T16:03:07.643686795Z,36
,Ståle  sin iPhone,31,23.5,ESP32-C6,-25,2025-03-11T16:03:09.983043773Z,36
,Ståle  sin iPhone,31.5,23.5,ESP32-C6,-25.5,2025-03-11T16:03:12.461008854Z,36
,Ståle  sin iPhone,31.5,23.5,ESP32-C6,-25.5,2025-03-11T16:03:14.710899733Z,36
,Ståle  sin iPhone,31.5,23.5,ESP32-C6,-25.5,2025-03-11T16:03:17.171166335Z,36
,Ståle  sin iPhone,31.5,23.5,ESP32-C6,-25.5,2025-03-11T16:03:19.640253761Z,36
,Ståle  sin iPhone,31.5,23.5,ESP32-C6,-25.5,2025-03-11T16:03:21.980446404Z,36
,Ståle  sin iPhone,31,23.5,ESP32-C6,-25.5,2025-03-11T16:03:24.248902514Z,36
,Ståle  sin iPhone,31.5,23.5,ESP32-C6,-25.5,2025-03-11T16:03:26.595058436Z,36
,Ståle  sin iPhone,31.5,23.5,ESP32-C6,-25.5,2025-03-11T16:03:28.841144651Z,36
,Ståle  sin iPhone,31.5,23.5,ESP32-C6,-25.5,2025-03-11T16:03:31.210723646Z,36
,Ståle  sin iPhone,31.5,23.5,ESP32-C6,-26,2025-03-11T16:03:33.450758914Z,36
,Ståle  sin iPhone,31.5,23.5,ESP32-C6,-26,2025-03-11T16:03:35.785402721Z,36
,Ståle  sin iPhone,31,23.5,ESP32-C6,-26,2025-03-11T16:03:38.262690669Z,36
,Ståle  sin iPhone,31.5,23.5,ESP32-C6,-26,2025-03-11T16:03:40.608336281Z,36
,Ståle  sin iPhone,31.5,23.5,ESP32-C6,-26,2025-03-11T16:03:42.862862134Z,36
,Ståle  sin iPhone,31,23.5,ESP32-C6,-26,2025-03-11T16:03:45.105930454Z,36
,Ståle  sin iPhone,31,23.5,ESP32-C6,-26,2025-03-11T16:03:47.361733355Z,36
,Ståle  sin iPhone,31.5,23.5,ESP32-C6,-26,2025-03-11T16:03:49.615301465Z,36
,Ståle  sin iPhone,31,23.5,ESP32-C6,-26.5,2025-03-11T16:03:52.079303725Z,36
,Ståle  sin iPhone,31.5,23.5,ESP32-C6,-26.5,2025-03-11T16:03:54.349891887Z,36
,Ståle  sin iPhone,31.5,23.5,ESP32-C6,-26.5,2025-03-11T16:03:57.228950165Z,36
,Ståle  sin iPhone,31,23.5,ESP32-C6,-26.5,2025-03-11T16:04:01.10026981Z,36
,Ståle  sin iPhone,31,23.5,ESP32-C6,-26.5,2025-03-11T16:04:05.978048533Z,36
,Ståle  sin iPhone,31.5,23.5,ESP32-C6,-26.5,2025-03-11T16:04:08.484322449Z,36
,Ståle  sin iPhone,31,23.5,ESP32-C6,-27,2025-03-11T16:04:11.346137541Z,36
,Ståle  sin iPhone,31.5,23.5,ESP32-C6,-27,2025-03-11T16:04:13.690273928Z,36
,Ståle  sin iPhone,31,23.5,ESP32-C6,-27,2025-03-11T16:04:15.968435269Z,36
,Ståle  sin iPhone,31,23.5,ESP32-C6,-27,2025-03-11T16:04:18.410803904Z,36
,Ståle  sin iPhone,31,23.5,ESP32-C6,-27,2025-03-11T16:04:20.668998784Z,36
,Ståle  sin iPhone,31,23.5,ESP32-C6,-27,2025-03-11T16:04:23.230878669Z,36
,Ståle  sin iPhone,30.5,23.5,ESP32-C6,-27,2025-03-11T16:04:25.690279635Z,36
,Ståle  sin iPhone,30.5,23.5,ESP32-C6,-27.5,2025-03-11T16:04:28.149033922Z,36
,Ståle  sin iPhone,30.5,23.5,ESP32-C6,-27.5,2025-03-11T16:04:30.706181286Z,36
,Ståle  sin iPhone,30,23.5,ESP32-C6,-27.5,2025-03-11T16:04:33.046678548Z,36
,Ståle  sin iPhone,30,23.5,ESP32-C6,-27.5,2025-03-11T16:04:35.602947071Z,36
,Ståle  sin iPhone,30,23.5,ESP32-C6,-27.5,2025-03-11T16:04:37.9727255Z,36
,Ståle  sin iPhone,30,23.5,ESP32-C6,-27.5,2025-03-11T16:04:40.334623566Z,36
,Ståle  sin iPhone,29.5,23.5,ESP32-C6,-27.5,2025-03-11T16:04:42.779661923Z,36
,Ståle  sin iPhone,29.5,23.5,ESP32-C6,-28,2025-03-11T16:04:45.127457884Z,36
,Ståle  sin iPhone,29.5,23,ESP32-C6,-28,2025-03-11T16:04:47.396993738Z,36
,Ståle  sin iPhone,29.5,23.5,ESP32-C6,-28,2025-03-11T16:04:50.254956723Z,36
,Ståle  sin iPhone,29,23.5,ESP32-C6,-28,2025-03-11T16:04:52.508594953Z,35.5
,Ståle  sin iPhone,29,23.5,ESP32-C6,-28,2025-03-11T16:04:55.213095681Z,36
,Ståle  sin iPhone,29,23.5,ESP32-C6,-28,2025-03-11T16:05:00.090135226Z,36
,Ståle  sin iPhone,29,23.5,ESP32-C6,-28,2025-03-11T16:05:03.273921678Z,36
,Ståle  sin iPhone,28.5,23.5,ESP32-C6,-28.5,2025-03-11T16:05:07.25676632Z,36
,Ståle  sin iPhone,28.5,23.5,ESP32-C6,-28.5,2025-03-11T16:05:14.747186125Z,36
,Ståle  sin iPhone,28,24,ESP32-C6,-28.5,2025-03-11T16:05:20.302213135Z,36
,Ståle  sin iPhone,28,24,ESP32-C6,-28.5,2025-03-11T16:05:22.720646015Z,36
,Ståle  sin iPhone,28,24,ESP32-C6,-29,2025-03-11T16:05:25.481137392Z,36
,Ståle  sin iPhone,28,24,ESP32-C6,-29,2025-03-11T16:05:27.829275167Z,36
,Ståle  sin iPhone,28,24,ESP32-C6,-29,2025-03-11T16:05:30.090662672Z,36
,Ståle  sin iPhone,28,24,ESP32-C6,-29,2025-03-11T16:05:32.42367352Z,36
,Ståle  sin iPhone,28,24,ESP32-C6,-29,2025-03-11T16:05:34.786203633Z,36
,Ståle  sin iPhone,28,24,ESP32-C6,-29,2025-03-11T16:05:37.236211168Z,36
,Ståle  sin iPhone,27.5,24,ESP32-C6,-29,2025-03-11T16:05:39.59366206Z,36
,Ståle  sin iPhone,27.5,24,ESP32-C6,-29,2025-03-11T16:05:41.765101931Z,36
,Ståle  sin iPhone,27.5,24,ESP32-C6,-29.5,2025-03-11T16:05:44.216237904Z,36
,Ståle  sin iPhone,27.5,24,ESP32-C6,-29.5,2025-03-11T16:05:46.487556876Z,36
,Ståle  sin iPhone,27.5,24,ESP32-C6,-29.5,2025-03-11T16:05:48.726812033Z,36
,Ståle  sin iPhone,27.5,24,ESP32-C6,-29.5,2025-03-11T16:05:51.071899377Z,36
,Ståle  sin iPhone,27.5,24,ESP32-C6,-29.5,2025-03-11T16:05:53.434028912Z,36
,Ståle  sin iPhone,27,24,ESP32-C6,-29.5,2025-03-11T16:05:55.695127418Z,36
,Ståle  sin iPhone,27,24,ESP32-C6,-29.5,2025-03-11T16:05:57.928881032Z,36
,Ståle  sin iPhone,27,24,ESP32-C6,-29.5,2025-03-11T16:06:00.198579579Z,36
,Ståle  sin iPhone,27,24,ESP32-C6,-30,2025-03-11T16:06:02.44613375Z,36
,Ståle  sin iPhone,27,24,ESP32-C6,-30,2025-03-11T16:06:04.689183284Z,36
,Ståle  sin iPhone,27,24,ESP32-C6,-30,2025-03-11T16:06:07.050073732Z,35.5
,Ståle  sin iPhone,27,24,ESP32-C6,-30,2025-03-11T16:06:09.308148547Z,35.5
,Ståle  sin iPhone,27,24,ESP32-C6,-30,2025-03-11T16:06:11.541986262Z,35.5
,Ståle  sin iPhone,27,24,ESP32-C6,-30,2025-03-11T16:06:14.064947063Z,36
,Ståle  sin iPhone,27,24,ESP32-C6,-30,2025-03-11T16:06:16.475963945Z,35.5
,,32.5,33.5,,-43,2025-03-11T15:30:41.230078898Z,37.5
,,32.5,33.5,,-43,2025-03-11T15:30:42.266807219Z,37
,,32.5,33.5,,-42.5,2025-03-11T15:30:43.306900444Z,37
,,32.5,33.5,,-42.5,2025-03-11T15:30:44.399239195Z,37.5
,,32.5,33.5,,-42.5,2025-03-11T15:30:45.421789894Z,37
,,32.5,33.5,,-42.5,2025-03-11T15:30:47.688019949Z,37.5
,,32.5,33.5,,-42.5,2025-03-11T15:30:50.036142282Z,37
,Ståle  sin iPhone,23,23.5,ESP32-C6,23,2025-03-11T14:30:44.228351983Z,23
,Ståle  sin iPhone,23,23.5,ESP32-C6,23,2025-03-11T14:30:46.579442101Z,23
,Ståle  sin iPhone,23,23.5,ESP32-C6,23,2025-03-11T14:30:48.819190494Z,23
,Ståle  sin iPhone,23,23.5,ESP32-C6,23,2025-03-11T14:30:51.081184274Z,23
,Ståle  sin iPhone,23,23.5,ESP32-C6,23.5,2025-03-11T14:30:54.567069197Z,23
,Ståle  sin iPhone,23,23.5,ESP32-C6,23.5,2025-03-11T14:30:56.917591247Z,23
,Ståle  sin iPhone,23,23.5,ESP32-C6,23,2025-03-11T14:30:59.368859954Z,23
,Ståle  sin iPhone,23,23.5,ESP32-C6,23.5,2025-03-11T14:31:01.745636617Z,23
,Ståle  sin iPhone,23,23.5,ESP32-C6,23.5,2025-03-11T14:31:04.079439184Z,23
,Ståle  sin iPhone,23,23.5,ESP32-C6,23.5,2025-03-11T14:31:06.546832167Z,23
,Ståle  sin iPhone,23,23.5,ESP32-C6,23.5,2025-03-11T14:31:08.798984393Z,23
,Ståle  sin iPhone,23,23.5,ESP32-C6,23.5,2025-03-11T14:31:11.039319407Z,23
,Ståle  sin iPhone,23,23.5,ESP32-C6,23.5,2025-03-11T14:31:13.408992102Z,23
,Ståle  sin iPhone,23,23.5,ESP32-C6,23.5,2025-03-11T14:31:15.648507896Z,23
,Ståle  sin iPhone,23,23.5,ESP32-C6,23.5,2025-03-11T14:31:17.917718014Z,23
,Ståle  sin iPhone,23,23.5,ESP32-C6,23.5,2025-03-11T14:31:20.259083624Z,23
,Ståle  sin iPhone,23,23.5,ESP32-C6,23.5,2025-03-11T14:31:22.635574957Z,23
,Ståle  sin iPhone,23,23.5,ESP32-C6,23.5,2025-03-11T14:31:25.077541969Z,23
,Ståle  sin iPhone,23,23.5,ESP32-C6,23.5,2025-03-11T14:31:27.422753363Z,23
,Ståle  sin iPhone,23,23.5,ESP32-C6,23.5,2025-03-11T14:31:29.694938925Z,23
,Ståle  sin iPhone,23,23,ESP32-C6,23.5,2025-03-11T14:31:32.140057079Z,23
,Ståle  sin iPhone,23,23.5,ESP32-C6,23.5,2025-03-11T14:31:34.38981873Z,23
,Ståle  sin iPhone,23,23,ESP32-C6,23.5,2025-03-11T14:31:36.654556403Z,23
,Ståle  sin iPhone,23,23.5,ESP32-C6,24,2025-03-11T14:31:39.517527828Z,23
,Ståle  sin iPhone,23,23,ESP32-C6,24,2025-03-11T14:31:41.869815091Z,23
,Ståle  sin iPhone,23,23.5,ESP32-C6,24,2025-03-11T14:31:44.173030064Z,23
,Ståle  sin iPhone,23,23.5,ESP32-C6,24,2025-03-11T14:31:46.586443277Z,23
,Ståle  sin iPhone,23,23.5,ESP32-C6,24.5,2025-03-11T14:31:51.2965909Z,23
,Ståle  sin iPhone,23,23,ESP32-C6,24.5,2025-03-11T14:31:53.632032802Z,23
,Ståle  sin iPhone,23,23,ESP32-C6,24.5,2025-03-11T14:31:56.018228307Z,23
,Ståle  sin iPhone,23,23,ESP32-C6,24.5,2025-03-11T14:31:58.45731978Z,23
,Ståle  sin iPhone,23,23,ESP32-C6,24,2025-03-11T14:32:00.822890482Z,23
,Ståle  sin iPhone,23,23.5,ESP32-C6,24,2025-03-11T14:32:03.169214404Z,23
,Ståle  sin iPhone,23,23,ESP32-C6,23.5,2025-03-11T14:32:05.520886164Z,23
,Ståle  sin iPhone,23,23,ESP32-C6,23,2025-03-11T14:32:09.101767036Z,23
,Ståle  sin iPhone,23,23,ESP32-C6,22.5,2025-03-11T14:32:11.367674991Z,23
,Ståle  sin iPhone,23,23,ESP32-C6,22,2025-03-11T14:32:13.717190649Z,23
,Ståle  sin iPhone,23,23,ESP32-C6,21.5,2025-03-11T14:32:15.964988494Z,23
,Ståle  sin iPhone,23,23,ESP32-C6,21,2025-03-11T14:32:18.327471901Z,23
,Ståle  sin iPhone,23,23,ESP32-C6,21,2025-03-11T14:32:20.672525809Z,23
,Ståle  sin iPhone,23,23,ESP32-C6,20.5,2025-03-11T14:32:22.930384845Z,26.5
,Ståle  sin iPhone,23,23,ESP32-C6,20,2025-03-11T14:32:25.182634846Z,30.5
,Ståle  sin iPhone,23,23,ESP32-C6,19.5,2025-03-11T14:32:27.539410972Z,33
,Ståle  sin iPhone,22.5,23,ESP32-C6,19,2025-03-11T14:32:29.819650384Z,34.5
,Ståle  sin iPhone,23,23,ESP32-C6,18.5,2025-03-11T14:32:32.149166592Z,36
,Ståle  sin iPhone,22.5,23,ESP32-C6,18.5,2025-03-11T14:32:34.399541266Z,37
,Ståle  sin iPhone,22.5,23,ESP32-C6,18,2025-03-11T14:32:36.65697449Z,37.5
,Ståle  sin iPhone,23,23,ESP32-C6,17.5,2025-03-11T14:32:38.901671024Z,38
,Ståle  sin iPhone,22.5,23,ESP32-C6,17,2025-03-11T14:32:41.259405749Z,38.5
,Ståle  sin iPhone,23,23,ESP32-C6,16.5,2025-03-11T14:32:43.517411167Z,39
,Ståle  sin iPhone,23,23,ESP32-C6,16.5,2025-03-11T14:32:45.96983226Z,39
,Ståle  sin iPhone,22.5,23,ESP32-C6,16,2025-03-11T14:32:48.327028342Z,39.5
,Ståle  sin iPhone,23,23,ESP32-C6,15.5,2025-03-11T14:32:50.780520119Z,39.5
,Ståle  sin iPhone,22.5,23,ESP32-C6,15,2025-03-11T14:32:53.429417768Z,39.5
,Ståle  sin iPhone,22.5,23,ESP32-C6,14.5,2025-03-11T14:32:56.236785129Z,40
,Ståle  sin iPhone,22.5,23,ESP32-C6,14,2025-03-11T14:32:58.698246389Z,40
,Ståle  sin iPhone,22.5,23,ESP32-C6,13.5,2025-03-11T14:33:01.252732739Z,40
,Ståle  sin iPhone,22.5,23,ESP32-C6,13.5,2025-03-11T14:33:03.69582233Z,40
,Ståle  sin iPhone,22.5,23,ESP32-C6,13,2025-03-11T14:33:06.140041991Z,40.5
,Ståle  sin iPhone,22.5,23,ESP32-C6,12.5,2025-03-11T14:33:08.507679614Z,40.5
,Ståle  sin iPhone,23,23,ESP32-C6,12,2025-03-11T14:33:10.857474048Z,40.5
,Ståle  sin iPhone,22.5,23,ESP32-C6,11.5,2025-03-11T14:33:13.314527634Z,40.5
,Ståle  sin iPhone,23,23,ESP32-C6,11,2025-03-11T14:33:15.876611254Z,40.5
,Ståle  sin iPhone,22.5,23,ESP32-C6,11,2025-03-11T14:33:18.220785796Z,40.5
,Ståle  sin iPhone,23,23,ESP32-C6,10.5,2025-03-11T14:33:20.587931864Z,40.5
,Ståle  sin iPhone,22.5,23,ESP32-C6,10,2025-03-11T14:33:22.936821465Z,40.5
,Ståle  sin iPhone,22.5,23,ESP32-C6,9.5,2025-03-11T14:33:25.290334902Z,40.5
,Ståle  sin iPhone,22.5,23,ESP32-C6,9.5,2025-03-11T14:33:27.540227917Z,40.5
,Ståle  sin iPhone,22.5,23,ESP32-C6,9,2025-03-11T14:33:29.907432158Z,40.5
,Ståle  sin iPhone,22.5,23,ESP32-C6,8.5,2025-03-11T14:33:32.248554689Z,40.5
,Ståle  sin iPhone,22.5,23,ESP32-C6,8,2025-03-11T14:33:34.624685737Z,40.5
,Ståle  sin iPhone,22.5,23,ESP32-C6,8,2025-03-11T14:33:37.06354412Z,40.5
,Ståle  sin iPhone,22.5,23,ESP32-C6,7.5,2025-03-11T14:33:39.332406817Z,40.5
,Ståle  sin iPhone,22.5,23,ESP32-C6,7,2025-03-11T14:33:41.687509317Z,41
,Ståle  sin iPhone,22.5,23,ESP32-C6,7,2025-03-11T14:33:44.029552142Z,40.5
,Ståle  sin iPhone,22.5,23,ESP32-C6,6.5,2025-03-11T14:33:46.182480727Z,40.5
,Ståle  sin iPhone,22.5,23,ESP32-C6,6,2025-03-11T14:33:48.362811006Z,41
,Ståle  sin iPhone,22.5,23,ESP32-C6,5.5,2025-03-11T14:33:50.690247424Z,41
,Ståle  sin iPhone,22.5,23,ESP32-C6,5.5,2025-03-11T14:33:53.055799741Z,41
,Ståle  sin iPhone,22.5,23,ESP32-C6,5,2025-03-11T14:33:55.499895237Z,40.5
,Ståle  sin iPhone,22.5,23,ESP32-C6,5,2025-03-11T14:33:57.788911616Z,41
,Ståle  sin iPhone,22.5,23,ESP32-C6,4.5,2025-03-11T14:34:00.111249274Z,40.5
,Ståle  sin iPhone,22.5,23,ESP32-C6,4,2025-03-11T14:34:02.397139521Z,41
,Ståle  sin iPhone,22.5,23,ESP32-C6,3.5,2025-03-11T14:34:04.709899647Z,41
,Ståle  sin iPhone,22.5,23,ESP32-C6,3.5,2025-03-11T14:34:06.969565512Z,41
,Ståle  sin iPhone,22.5,23,ESP32-C6,3,2025-03-11T14:34:09.212831706Z,41
,Ståle  sin iPhone,22.5,23,ESP32-C6,3,2025-03-11T14:34:11.569019601Z,40.5
,Ståle  sin iPhone,22.5,23,ESP32-C6,2.5,2025-03-11T14:34:13.92860655Z,41
,Ståle  sin iPhone,22.5,23,ESP32-C6,2,2025-03-11T14:34:16.272389908Z,41
,Ståle  sin iPhone,22.5,23,ESP32-C6,2,2025-03-11T14:34:21.299136855Z,41
,Ståle  sin iPhone,22.5,23,ESP32-C6,1,2025-03-11T14:34:23.659908673Z,41
,Ståle  sin iPhone,22.5,23,ESP32-C6,1,2025-03-11T14:34:25.916609454Z,40.5
,Ståle  sin iPhone,22.5,23,ESP32-C6,0.5,2025-03-11T14:34:28.369895693Z,41
,Ståle  sin iPhone,22.5,23,ESP32-C6,0,2025-03-11T14:34:30.612974619Z,41
,Ståle  sin iPhone,22.5,23,ESP32-C6,0,2025-03-11T14:34:33.087593716Z,41
,Ståle  sin iPhone,22.5,23,ESP32-C6,-0.5,2025-03-11T14:34:35.63282805Z,41
,Ståle  sin iPhone,22.5,23,ESP32-C6,-1,2025-03-11T14:34:38.200730347Z,41
,Ståle  sin iPhone,22.5,23,ESP32-C6,-1,2025-03-11T14:34:40.557681483Z,41
,Ståle  sin iPhone,22.5,23,ESP32-C6,-1.5,2025-03-11T14:34:42.909079844Z,41
,Ståle  sin iPhone,22.5,23,ESP32-C6,-2,2025-03-11T14:34:45.167032564Z,41
,Ståle  sin iPhone,22.5,23,ESP32-C6,-2,2025-03-11T14:34:47.613593014Z,41
,Ståle  sin iPhone,22.5,23,ESP32-C6,-2.5,2025-03-11T14:34:49.784050569Z,41
,Ståle  sin iPhone,22.5,23,ESP32-C6,-2.5,2025-03-11T14:34:52.136783249Z,41
,Ståle  sin iPhone,22.5,23,ESP32-C6,-3,2025-03-11T14:34:54.479878048Z,41
,Ståle  sin iPhone,22.5,23,ESP32-C6,-3,2025-03-11T14:34:56.946787795Z,41
,Ståle  sin iPhone,22.5,23,ESP32-C6,-3.5,2025-03-11T14:34:59.399729893Z,41
,Ståle  sin iPhone,22.5,23,ESP32-C6,-4,2025-03-11T14:35:01.657788323Z,41
,Ståle  sin iPhone,22.5,23,ESP32-C6,-4,2025-03-11T14:35:03.907575811Z,41
,Ståle  sin iPhone,22.5,23,ESP32-C6,-4.5,2025-03-11T14:35:06.166381246Z,41
,Ståle  sin iPhone,22.5,23,ESP32-C6,-4.5,2025-03-11T14:35:08.610948081Z,41
,Ståle  sin iPhone,22.5,23,ESP32-C6,-5,2025-03-11T14:35:10.961764088Z,41
,Ståle  sin iPhone,22.5,23,ESP32-C6,-5,2025-03-11T14:35:13.321151264Z,41
,Ståle  sin iPhone,22.5,23,ESP32-C6,-5.5,2025-03-11T14:35:15.682200811Z,41
,Ståle  sin iPhone,22.5,23,ESP32-C6,-6,2025-03-11T14:35:17.929957573Z,41
,Ståle  sin iPhone,22.5,23,ESP32-C6,-6,2025-03-11T14:35:20.187317567Z,41
,Ståle  sin iPhone,22.5,23,ESP32-C6,-6.5,2025-03-11T14:35:22.432971309Z,41
,Ståle  sin iPhone,22.5,23,ESP32-C6,-6.5,2025-03-11T14:35:24.6968155Z,41
,Ståle  sin iPhone,22.5,23,ESP32-C6,-7,2025-03-11T14:35:26.938833689Z,41
,Ståle  sin iPhone,22.5,23,ESP32-C6,-7,2025-03-11T14:35:29.198810915Z,41
,Ståle  sin iPhone,22.5,23,ESP32-C6,-7.5,2025-03-11T14:35:31.564966262Z,41
,Ståle  sin iPhone,22.5,23,ESP32-C6,-7.5,2025-03-11T14:35:34.009764781Z,41
,Ståle  sin iPhone,22.5,23,ESP32-C6,-8,2025-03-11T14:35:36.359496081Z,41
,Ståle  sin iPhone,22.5,23,ESP32-C6,-8,2025-03-11T14:35:38.625828317Z,41
,Ståle  sin iPhone,22.5,23,ESP32-C6,-8.5,2025-03-11T14:35:40.969742399Z,41
,Ståle  sin iPhone,22.5,23,ESP32-C6,-9,2025-03-11T14:35:43.331742467Z,41
,Ståle  sin iPhone,22.5,23,ESP32-C6,-9,2025-03-11T14:35:45.688092365Z,41
,Ståle  sin iPhone,22.5,23,ESP32-C6,-9.5,2025-03-11T14:35:48.031978442Z,41
,Ståle  sin iPhone,22.5,23,ESP32-C6,-9.5,2025-03-11T14:35:50.390027867Z,41
,Ståle  sin iPhone,22.5,23,ESP32-C6,-9.5,2025-03-11T14:35:52.757469155Z,41
,Ståle  sin iPhone,22.5,23,ESP32-C6,-10,2025-03-11T14:35:55.092506799Z,41
,Ståle  sin iPhone,22.5,23,ESP32-C6,-10,2025-03-11T14:35:57.452779537Z,41
,Ståle  sin iPhone,22.5,23,ESP32-C6,-10.5,2025-03-11T14:35:59.702388985Z,41
,Ståle  sin iPhone,22.5,23,ESP32-C6,-10.5,2025-03-11T14:36:02.086798213Z,41
,Ståle  sin iPhone,22.5,23,ESP32-C6,-11,2025-03-11T14:36:04.412758739Z,41
,Ståle  sin iPhone,22.5,23,ESP32-C6,-11,2025-03-11T14:36:06.886673843Z,41
,Ståle  sin iPhone,22.5,23,ESP32-C6,-11.5,2025-03-11T14:36:09.121911554Z,41
,Ståle  sin iPhone,22.5,23,ESP32-C6,-11.5,2025-03-11T14:36:11.382371838Z,41
,Ståle  sin iPhone,22.5,23,ESP32-C6,-12,2025-03-11T14:36:13.638535153Z,41
,Ståle  sin iPhone,22.5,23,ESP32-C6,-12,2025-03-11T14:36:15.982636383Z,41
,Ståle  sin iPhone,22.5,23,ESP32-C6,-12.5,2025-03-11T14:36:18.240776821Z,41
,Ståle  sin iPhone,22.5,23,ESP32-C6,-12.5,2025-03-11T14:36:20.51072547Z,41
,Ståle  sin iPhone,22.5,23,ESP32-C6,-13,2025-03-11T14:36:22.86055474Z,41
,Ståle  sin iPhone,22.5,23,ESP32-C6,-13,2025-03-11T14:36:25.207302408Z,41
,Ståle  sin iPhone,22.5,23,ESP32-C6,-13.5,2025-03-11T14:36:27.460185181Z,41
,Ståle  sin iPhone,22.5,23,ESP32-C6,-13.5,2025-03-11T14:36:29.702795546Z,41
,Ståle  sin iPhone,22.5,23,ESP32-C6,-14,2025-03-11T14:36:31.880815852Z,41
,Ståle  sin iPhone,22.5,23,ESP32-C6,-14,2025-03-11T14:36:34.221707525Z,41
,Ståle  sin iPhone,22.5,23,ESP32-C6,-14.5,2025-03-11T14:36:37.717129294Z,41
,Ståle  sin iPhone,22.5,23,ESP32-C6,-14.5,2025-03-11T14:36:40.169308892Z,41
,Ståle  sin iPhone,22.5,23,ESP32-C6,-15,2025-03-11T14:36:42.602881173Z,41
,Ståle  sin iPhone,22.5,23,ESP32-C6,-15,2025-03-11T14:36:44.866047407Z,41
,Ståle  sin iPhone,22.5,23,ESP32-C6,-15.5,2025-03-11T14:36:47.120095975Z,41
,Ståle  sin iPhone,22.5,23,ESP32-C6,-15.5,2025-03-11T14:36:49.377702882Z,41
,Ståle  sin iPhone,22.5,23,ESP32-C6,-16,2025-03-11T14:36:51.730305273Z,41
,Ståle  sin iPhone,22.5,23,ESP32-C6,-16,2025-03-11T14:36:53.980213399Z,41
,Ståle  sin iPhone,22.5,23,ESP32-C6,-16.5,2025-03-11T14:36:56.239787341Z,41
,Ståle  sin iPhone,22.5,23,ESP32-C6,-16.5,2025-03-11T14:36:58.581529273Z,41
,Ståle  sin iPhone,22.5,23,ESP32-C6,-17,2025-03-11T14:37:00.847890291Z,41
,Ståle  sin iPhone,22.5,23,ESP32-C6,-17,2025-03-11T14:37:03.089858262Z,41
,Ståle  sin iPhone,22.5,23,ESP32-C6,-17,2025-03-11T14:37:05.442752676Z,41
,Ståle  sin iPhone,22.5,23,ESP32-C6,-17.5,2025-03-11T14:37:07.904568241Z,41
,Ståle  sin iPhone,22.5,23,ESP32-C6,-17.5,2025-03-11T14:37:10.26689065Z,41
,Ståle  sin iPhone,22.5,23,ESP32-C6,-18,2025-03-11T14:37:12.733589398Z,41
,Ståle  sin iPhone,22.5,23,ESP32-C6,-18,2025-03-11T14:37:15.080138937Z,41
,Ståle  sin iPhone,22.5,23,ESP32-C6,-18.5,2025-03-11T14:37:17.330702636Z,41
,Ståle  sin iPhone,22.5,23,ESP32-C6,-18.5,2025-03-11T14:37:19.571604214Z,41
,Ståle  sin iPhone,22.5,23,ESP32-C6,-19,2025-03-11T14:37:22.032243099Z,41
,Ståle  sin iPhone,22.5,23,ESP32-C6,-19,2025-03-11T14:37:27.469259403Z,41
,Ståle  sin iPhone,22.5,23,ESP32-C6,-19.5,2025-03-11T14:37:29.719776909Z,41
,Ståle  sin iPhone,22.5,23,ESP32-C6,-19.5,2025-03-11T14:37:31.897261963Z,40.5
,Ståle  sin iPhone,22.5,23,ESP32-C6,-20,2025-03-11T14:37:37.2077161Z,41
,Ståle  sin iPhone,22.5,23,ESP32-C6,-20.5,2025-03-11T14:37:39.542930316Z,40.5
,Ståle  sin iPhone,22.5,23,ESP32-C6,-20.5,2025-03-11T14:37:41.901793299Z,41
,Ståle  sin iPhone,22.5,23,ESP32-C6,-21,2025-03-11T14:37:44.162429617Z,40.5
,Ståle  sin iPhone,22.5,23,ESP32-C6,-21,2025-03-11T14:37:46.720920723Z,40.5
,Ståle  sin iPhone,22.5,23,ESP32-C6,-21,2025-03-11T14:37:49.179906941Z,40.5
,Ståle  sin iPhone,22.5,23,ESP32-C6,-21.5,2025-03-11T14:37:51.422764028Z,40.5
,Ståle  sin iPhone,22.5,23,ESP32-C6,-21.5,2025-03-11T14:37:53.78401876Z,40.5
,Ståle  sin iPhone,22.5,23,ESP32-C6,-22,2025-03-11T14:37:56.040520983Z,40.5
,Ståle  sin iPhone,22.5,23,ESP32-C6,-22,2025-03-11T14:37:58.289973215Z,40.5
,Ståle  sin iPhone,22.5,23,ESP32-C6,-22,2025-03-11T14:38:00.638926844Z,41
,Ståle  sin iPhone,22.5,23,ESP32-C6,-22.5,2025-03-11T14:38:03.032880854Z,40.5
,Ståle  sin iPhone,22.5,23,ESP32-C6,-22.5,2025-03-11T14:38:05.465370567Z,40.5
,Ståle  sin iPhone,22.5,23,ESP32-C6,-23,2025-03-11T14:38:07.817517689Z,40.5
,Ståle  sin iPhone,22.5,23,ESP32-C6,-23,2025-03-11T14:38:10.171016666Z,40.5
,Ståle  sin iPhone,22.5,23,ESP32-C6,-23.5,2025-03-11T14:38:12.412591549Z,40.5
,Ståle  sin iPhone,22.5,23,ESP32-C6,-23.5,2025-03-11T14:38:14.67175883Z,40.5
,Ståle  sin iPhone,22.5,23,ESP32-C6,-23.5,2025-03-11T14:38:16.937500271Z,40.5
,Ståle  sin iPhone,22.5,23,ESP32-C6,-24,2025-03-11T14:38:19.280246704Z,40.5
,Ståle  sin iPhone,22.5,23,ESP32-C6,-24,2025-03-11T14:38:21.530808538Z,40.5
,Ståle  sin iPhone,22.5,23,ESP32-C6,-24,2025-03-11T14:38:23.883036529Z,40.5
,Ståle  sin iPhone,22.5,23,ESP32-C6,-24.5,2025-03-11T14:38:26.257660498Z,40.5
,Ståle  sin iPhone,22.5,23,ESP32-C6,-24.5,2025-03-11T14:38:28.544674025Z,40.5
,Ståle  sin iPhone,22.5,23,ESP32-C6,-25,2025-03-11T14:38:30.84246495Z,40.5
,Ståle  sin iPhone,22.5,23,ESP32-C6,-25,2025-03-11T14:38:33.191956741Z,40.5
,Ståle  sin iPhone,22.5,23,ESP32-C6,-25,2025-03-11T14:38:35.566936157Z,40.5
,Ståle  sin iPhone,22.5,23,ESP32-C6,-25.5,2025-03-11T14:38:37.92659635Z,40.5
,Ståle  sin iPhone,22.5,23,ESP32-C6,-25.5,2025-03-11T14:38:40.271945212Z,40.5
,Ståle  sin iPhone,22.5,23,ESP32-C6,-25.5,2025-03-11T14:38:42.621551828Z,40.5
,Ståle  sin iPhone,22.5,23,ESP32-C6,-26,2025-03-11T14:38:44.886933753Z,40.5
,Ståle  sin iPhone,22.5,23,ESP32-C6,-26,2025-03-11T14:38:47.147401183Z,40.5
,Ståle  sin iPhone,22.5,23,ESP32-C6,-26,2025-03-11T14:38:49.482700043Z,40.5
,Ståle  sin iPhone,22.5,23,ESP32-C6,-26.5,2025-03-11T14:38:51.839595224Z,40.5
,Ståle  sin iPhone,22.5,23,ESP32-C6,-26.5,2025-03-11T14:38:54.316835037Z,40.5
,Ståle  sin iPhone,22.5,23,ESP32-C6,-27,2025-03-11T14:38:56.767487654Z,40.5
,Ståle  sin iPhone,22.5,23,ESP32-C6,-27,2025-03-11T14:38:59.220418741Z,40.5
,Ståle  sin iPhone,22.5,23,ESP32-C6,-27,2025-03-11T14:39:01.461668083Z,40.5
,Ståle  sin iPhone,22.5,23,ESP32-C6,-27.5,2025-03-11T14:39:03.736415072Z,40.5
,Ståle  sin iPhone,22.5,23,ESP32-C6,-27.5,2025-03-11T14:39:06.079812038Z,40.5
,Ståle  sin iPhone,22.5,23,ESP32-C6,-27.5,2025-03-11T14:39:08.337684206Z,40.5
,Ståle  sin iPhone,22.5,23,ESP32-C6,-28,2025-03-11T14:39:13.350351479Z,40.5
,Ståle  sin iPhone,22.5,23,ESP32-C6,-28,2025-03-11T14:39:15.599926958Z,40.5
,Ståle  sin iPhone,22.5,23,ESP32-C6,-28.5,2025-03-11T14:39:17.968812962Z,40.5
,Ståle  sin iPhone,22.5,23,ESP32-C6,-28.5,2025-03-11T14:39:20.310848042Z,41
,Ståle  sin iPhone,22.5,23,ESP32-C6,-28.5,2025-03-11T14:39:22.570924289Z,40.5
,Ståle  sin iPhone,22.5,23,ESP32-C6,-29,2025-03-11T14:39:24.919940854Z,40.5
,Ståle  sin iPhone,22.5,23,ESP32-C6,-29,2025-03-11T14:39:27.279870421Z,41
,Ståle  sin iPhone,22.5,23,ESP32-C6,-29,2025-03-11T14:39:29.537449301Z,41
,Ståle  sin iPhone,22.5,23,ESP32-C6,-29.5,2025-03-11T14:39:31.799407755Z,40.5
,Ståle  sin iPhone,22.5,23,ESP32-C6,-29.5,2025-03-11T14:39:34.077422138Z,40.5
,Ståle  sin iPhone,22.5,23,ESP32-C6,-29.5,2025-03-11T14:39:36.397282796Z,40.5
,Ståle  sin iPhone,22.5,23,ESP32-C6,-30,2025-03-11T14:39:38.74711866Z,41
,Ståle  sin iPhone,22.5,23,ESP32-C6,-30,2025-03-11T14:39:41.006467639Z,41
,Ståle  sin iPhone,22.5,23,ESP32-C6,-30.5,2025-03-11T14:39:43.666662964Z,40.5
,Ståle  sin iPhone,22.5,23,ESP32-C6,-30.5,2025-03-11T14:39:46.227454913Z,41
,Ståle  sin iPhone,22.5,23,ESP32-C6,-30.5,2025-03-11T14:39:48.487487089Z,40.5
,Ståle  sin iPhone,22.5,23,ESP32-C6,-31,2025-03-11T14:39:50.828878383Z,40.5
,Ståle  sin iPhone,22.5,23,ESP32-C6,-31,2025-03-11T14:39:53.087344932Z,40.5
,Ståle  sin iPhone,22.5,23,ESP32-C6,-31,2025-03-11T14:39:55.420803336Z,40.5
,Ståle  sin iPhone,22.5,23,ESP32-C6,-31,2025-03-11T14:39:57.680189211Z,40.5
,Ståle  sin iPhone,22.5,23,ESP32-C6,-31.5,2025-03-11T14:39:59.958902973Z,40.5
,Ståle  sin iPhone,22.5,23,ESP32-C6,-31.5,2025-03-11T14:40:02.400746301Z,40.5
,Ståle  sin iPhone,23,23,ESP32-C6,-31.5,2025-03-11T14:40:04.641810146Z,40.5
,Ståle  sin iPhone,23,23,ESP32-C6,-32,2025-03-11T14:40:06.900279203Z,40.5
,Ståle  sin iPhone,23,23,ESP32-C6,-32,2025-03-11T14:40:09.167777334Z,40.5
,Ståle  sin iPhone,23.5,23,ESP32-C6,-32,2025-03-11T14:40:11.509929533Z,40.5
,Ståle  sin iPhone,23.5,23,ESP32-C6,-32.5,2025-03-11T14:40:13.869420874Z,40.5
,Ståle  sin iPhone,23,23,ESP32-C6,-32.5,2025-03-11T14:40:16.118946282Z,40.5
,Ståle  sin iPhone,23,23,ESP32-C6,-32.5,2025-03-11T14:40:18.378627553Z,40.5
,Ståle  sin iPhone,23,23.5,ESP32-C6,-33,2025-03-11T14:40:20.736758289Z,40.5
,Ståle  sin iPhone,22.5,23.5,ESP32-C6,-33,2025-03-11T14:40:23.095527675Z,40.5
,Ståle  sin iPhone,22.5,24,ESP32-C6,-33,2025-03-11T14:40:25.456346194Z,40.5
,Ståle  sin iPhone,22,24,ESP32-C6,-33.5,2025-03-11T14:40:27.796418529Z,40.5
,Ståle  sin iPhone,22,24.5,ESP32-C6,-33.5,2025-03-11T14:40:30.058396903Z,40.5
,Ståle  sin iPhone,22,24.5,ESP32-C6,-33.5,2025-03-11T14:40:32.40771477Z,40.5
,Ståle  sin iPhone,22,24.5,ESP32-C6,-33.5,2025-03-11T14:40:34.65737768Z,40.5
,Ståle  sin iPhone,22,24.5,ESP32-C6,-34,2025-03-11T14:40:36.910619473Z,40.5
,Ståle  sin iPhone,21.5,24.5,ESP32-C6,-34,2025-03-11T14:40:39.159474154Z,40.5
,Ståle  sin iPhone,21.5,24.5,ESP32-C6,-34,2025-03-11T14:40:41.4178115Z,40.5
,Ståle  sin iPhone,21.5,24,ESP32-C6,-34.5,2025-03-11T14:40:43.676935259Z,40.5
,Ståle  sin iPhone,21.5,23.5,ESP32-C6,-34.5,2025-03-11T14:40:46.01860118Z,40.5
,Ståle  sin iPhone,21.5,23,ESP32-C6,-34.5,2025-03-11T14:40:48.387744635Z,40.5
,Ståle  sin iPhone,21.5,22,ESP32-C6,-35,2025-03-11T14:40:50.830669456Z,40.5
,Ståle  sin iPhone,21.5,21.5,ESP32-C6,-35,2025-03-11T14:40:53.08920107Z,40.5
,Ståle  sin iPhone,21.5,21.5,ESP32-C6,-35,2025-03-11T14:40:55.355702196Z,40.5
,Ståle  sin iPhone,21.5,21,ESP32-C6,-35,2025-03-11T14:40:57.688489943Z,40.5
,Ståle  sin iPhone,21.5,21,ESP32-C6,-35.5,2025-03-11T14:41:00.060265496Z,40.5
,Ståle  sin iPhone,21.5,20.5,ESP32-C6,-35.5,2025-03-11T14:41:02.516735931Z,40.5
,Ståle  sin iPhone,21.5,20.5,ESP32-C6,-35.5,2025-03-11T14:41:04.859773271Z,40.5
,Ståle  sin iPhone,21.5,20.5,ESP32-C6,-36,2025-03-11T14:41:07.221337811Z,40.5
,Ståle  sin iPhone,21.5,20.5,ESP32-C6,-36,2025-03-11T14:41:09.469482413Z,40.5
,Ståle  sin iPhone,21.5,20.5,ESP32-C6,-36,2025-03-11T14:41:11.727140743Z,40.5
,Ståle  sin iPhone,21.5,20,ESP32-C6,-36,2025-03-11T14:41:13.987249579Z,40.5
,Ståle  sin iPhone,21.5,20.5,ESP32-C6,-36.5,2025-03-11T14:41:16.337804552Z,40.5
,Ståle  sin iPhone,21.5,20.5,ESP32-C6,-36.5,2025-03-11T14:41:18.690948619Z,40.5
,Ståle  sin iPhone,21.5,20.5,ESP32-C6,-36.5,2025-03-11T14:41:21.023588402Z,40.5
,Ståle  sin iPhone,21.5,20.5,ESP32-C6,-36.5,2025-03-11T14:41:23.402436379Z,40.5
,Ståle  sin iPhone,21.5,20.5,ESP32-C6,-37,2025-03-11T14:41:25.850644903Z,40.5
,Ståle  sin iPhone,21.5,20.5,ESP32-C6,-37,2025-03-11T14:41:28.220064722Z,40.5
,Ståle  sin iPhone,21.5,20.5,ESP32-C6,-37,2025-03-11T14:41:30.472165386Z,40.5
,Ståle  sin iPhone,21.5,20.5,ESP32-C6,-37.5,2025-03-11T14:41:32.719647367Z,40.5
,Ståle  sin iPhone,21.5,20.5,ESP32-C6,-37.5,2025-03-11T14:41:35.063129493Z,40.5
,Ståle  sin iPhone,21.5,20.5,ESP32-C6,-37.5,2025-03-11T14:41:37.441565865Z,40.5
,Ståle  sin iPhone,21.5,20.5,ESP32-C6,-37.5,2025-03-11T14:41:39.790389313Z,40.5
,Ståle  sin iPhone,21.5,20.5,ESP32-C6,-38,2025-03-11T14:41:42.036812631Z,40.5
,Ståle  sin iPhone,21.5,20.5,ESP32-C6,-38,2025-03-11T14:41:44.382318729Z,40.5
,Ståle  sin iPhone,21.5,20.5,ESP32-C6,-38,2025-03-11T14:41:46.656999212Z,40.5
,Ståle  sin iPhone,21.5,21,ESP32-C6,-38,2025-03-11T14:41:49.209370054Z,40.5
,Ståle  sin iPhone,21.5,21,ESP32-C6,-38.5,2025-03-11T14:41:51.76014241Z,40.5
,Ståle  sin iPhone,21.5,21,ESP32-C6,-38.5,2025-03-11T14:41:54.126626921Z,40.5
,Ståle  sin iPhone,21.5,21,ESP32-C6,-38.5,2025-03-11T14:41:56.587663082Z,40.5
,Ståle  sin iPhone,21.5,21,ESP32-C6,-39,2025-03-11T14:41:58.929560207Z,40.5
,Ståle  sin iPhone,21.5,21,ESP32-C6,-39,2025-03-11T14:42:01.281849126Z,40.5
,Ståle  sin iPhone,21.5,21,ESP32-C6,-39,2025-03-11T14:42:03.533035494Z,40.5
,Ståle  sin iPhone,21.5,21,ESP32-C6,-39,2025-03-11T14:42:05.772451186Z,40.5
,Ståle  sin iPhone,21.5,21.5,ESP32-C6,-39,2025-03-11T14:42:08.038376972Z,40.5
,Ståle  sin iPhone,21.5,21.5,ESP32-C6,-39.5,2025-03-11T14:42:10.300321939Z,40.5
,Ståle  sin iPhone,21.5,21.5,ESP32-C6,-39.5,2025-03-11T14:42:12.549695836Z,40.5
,Ståle  sin iPhone,21.5,21.5,ESP32-C6,-39.5,2025-03-11T14:42:14.792243612Z,40.5
,Ståle  sin iPhone,21.5,21.5,ESP32-C6,-40,2025-03-11T14:42:17.058213586Z,40.5
,Ståle  sin iPhone,21.5,21.5,ESP32-C6,-40,2025-03-11T14:42:19.402581971Z,40.5
,Ståle  sin iPhone,21.5,21.5,ESP32-C6,-40,2025-03-11T14:42:21.76111757Z,40.5
,Ståle  sin iPhone,21.5,22,ESP32-C6,-40,2025-03-11T14:42:24.119750681Z,40.5
,Ståle  sin iPhone,21.5,22,ESP32-C6,-40.5,2025-03-11T14:42:26.369330491Z,40.5
,Ståle  sin iPhone,22,22,ESP32-C6,-40.5,2025-03-11T14:42:28.737040187Z,40.5
,Ståle  sin iPhone,22,22,ESP32-C6,-40.5,2025-03-11T14:42:30.980603641Z,40.5
,Ståle  sin iPhone,22,22,ESP32-C6,-40.5,2025-03-11T14:42:33.229489263Z,40.5
,Ståle  sin iPhone,22,22,ESP32-C6,-41,2025-03-11T14:42:35.480863034Z,40.5
,Ståle  sin iPhone,22,22,ESP32-C6,-41,2025-03-11T14:42:37.755748776Z,40.5
,Ståle  sin iPhone,22,22,ESP32-C6,-41,2025-03-11T14:42:43.177001979Z,40.5
,Ståle  sin iPhone,22,22.5,ESP32-C6,-41.5,2025-03-11T14:42:45.527842832Z,40.5
,Ståle  sin iPhone,22,22.5,ESP32-C6,-41.5,2025-03-11T14:42:47.780800388Z,40
,Ståle  sin iPhone,22,22.5,ESP32-C6,-41.5,2025-03-11T14:42:50.130162959Z,40
,Ståle  sin iPhone,22,22.5,ESP32-C6,-41.5,2025-03-11T14:42:52.599666364Z,40
,Ståle  sin iPhone,22,22.5,ESP32-C6,-42,2025-03-11T14:42:55.257635091Z,40
,Ståle  sin iPhone,22,22.5,ESP32-C6,-42,2025-03-11T14:42:57.72766842Z,40
,Ståle  sin iPhone,22,22.5,ESP32-C6,-42,2025-03-11T14:43:00.052184086Z,40
,Ståle  sin iPhone,22,23,ESP32-C6,-42,2025-03-11T14:43:02.309847209Z,40
,Ståle  sin iPhone,22,23,ESP32-C6,-42.5,2025-03-11T14:43:04.887601001Z,40
,Ståle  sin iPhone,22,23,ESP32-C6,-42.5,2025-03-11T14:43:07.244868559Z,40
,Ståle  sin iPhone,22,23,ESP32-C6,-42.5,2025-03-11T14:43:09.596830833Z,40
,Ståle  sin iPhone,22.5,23,ESP32-C6,-42.5,2025-03-11T14:43:11.931807682Z,40
,Ståle  sin iPhone,22.5,23,ESP32-C6,-42.5,2025-03-11T14:43:14.138713821Z,40
,Ståle  sin iPhone,22.5,23,ESP32-C6,-43,2025-03-11T14:43:16.380319851Z,40
,Ståle  sin iPhone,22.5,23,ESP32-C6,-43,2025-03-11T14:43:18.709829665Z,40
,Ståle  sin iPhone,22.5,23,ESP32-C6,-43,2025-03-11T14:43:21.158709086Z,40
,Ståle  sin iPhone,22.5,23.5,ESP32-C6,-43,2025-03-11T14:43:23.417341496Z,40
,Ståle  sin iPhone,22.5,23,ESP32-C6,-43.5,2025-03-11T14:43:25.758820689Z,40
,Ståle  sin iPhone,22.5,23.5,ESP32-C6,-43.5,2025-03-11T14:43:28.039215676Z,40
,Ståle  sin iPhone,22.5,23.5,ESP32-C6,-43.5,2025-03-11T14:43:30.380753668Z,40
,Ståle  sin iPhone,22.5,23.5,ESP32-C6,-43.5,2025-03-11T14:43:32.612032851Z,40
,Ståle  sin iPhone,22.5,23.5,ESP32-C6,-43.5,2025-03-11T14:43:34.887819154Z,40
,Ståle  sin iPhone,22.5,23.5,ESP32-C6,-44,2025-03-11T14:43:37.33988709Z,40
,Ståle  sin iPhone,22.5,23.5,ESP32-C6,-44,2025-03-11T14:43:39.690282811Z,40
,Ståle  sin iPhone,22.5,23.5,ESP32-C6,-44,2025-03-11T14:43:41.938750797Z,40
,Ståle  sin iPhone,22.5,24,ESP32-C6,-44,2025-03-11T14:43:44.299319114Z,40
,Ståle  sin iPhone,22.5,24,ESP32-C6,-44.5,2025-03-11T14:43:46.567182165Z,40
,Ståle  sin iPhone,23,24,ESP32-C6,-44.5,2025-03-11T14:43:48.902641298Z,40
,Ståle  sin iPhone,23,24,ESP32-C6,-44.5,2025-03-11T14:43:51.159856783Z,40
,Ståle  sin iPhone,23,24,ESP32-C6,-44.5,2025-03-11T14:43:56.471986609Z,40
,Ståle  sin iPhone,23,24,ESP32-C6,-45,2025-03-11T14:43:58.729657386Z,40
,Ståle  sin iPhone,23,24,ESP32-C6,-45,2025-03-11T14:44:00.879842111Z,40
,Ståle  sin iPhone,23,24,ESP32-C6,-45,2025-03-11T14:44:03.132574527Z,40
,Ståle  sin iPhone,23,24,ESP32-C6,-45,2025-03-11T14:44:05.397583412Z,40
,Ståle  sin iPhone,23,24,ESP32-C6,-45,2025-03-11T14:44:07.658071634Z,40
,Ståle  sin iPhone,23,24.5,ESP32-C6,-45.5,2025-03-11T14:44:09.9998853Z,40
,Ståle  sin iPhone,23,24.5,ESP32-C6,-45.5,2025-03-11T14:44:12.248933346Z,40
,Ståle  sin iPhone,23,24.5,ESP32-C6,-45.5,2025-03-11T14:44:14.517923553Z,40
,Ståle  sin iPhone,23,24.5,ESP32-C6,-45.5,2025-03-11T14:44:16.850479002Z,40
,Ståle  sin iPhone,23,24.5,ESP32-C6,-45.5,2025-03-11T14:44:19.119923701Z,40
,Ståle  sin iPhone,23,24.5,ESP32-C6,-46,2025-03-11T14:44:21.469665626Z,40
,Ståle  sin iPhone,23.5,24.5,ESP32-C6,-46,2025-03-11T14:44:23.929635966Z,40
,Ståle  sin iPhone,23.5,24.5,ESP32-C6,-46,2025-03-11T14:44:26.186839426Z,40
,Ståle  sin iPhone,23.5,24.5,ESP32-C6,-46,2025-03-11T14:44:28.431573789Z,40
,Ståle  sin iPhone,23.5,24.5,ESP32-C6,-46.5,2025-03-11T14:44:30.686973287Z,40
,Ståle  sin iPhone,23.5,24.5,ESP32-C6,-46.5,2025-03-11T14:44:32.947675843Z,40
,Ståle  sin iPhone,23.5,25,ESP32-C6,-46.5,2025-03-11T14:44:35.188797774Z,40
,Ståle  sin iPhone,23.5,25,ESP32-C6,-46.5,2025-03-11T14:44:37.456712157Z,40
,Ståle  sin iPhone,23.5,25,ESP32-C6,-46.5,2025-03-11T14:44:39.781780658Z,40
,Ståle  sin iPhone,23.5,25,ESP32-C6,-47,2025-03-11T14:44:42.058794263Z,40
,Ståle  sin iPhone,23.5,25,ESP32-C6,-47,2025-03-11T14:44:44.317914804Z,40
,Ståle  sin iPhone,23.5,25,ESP32-C6,-47,2025-03-11T14:44:46.658966387Z,40
,Ståle  sin iPhone,23.5,25,ESP32-C6,-47,2025-03-11T14:44:49.021631684Z,40
,Ståle  sin iPhone,23.5,25,ESP32-C6,-47,2025-03-11T14:44:51.267078063Z,40
,Ståle  sin iPhone,23.5,25,ESP32-C6,-47,2025-03-11T14:44:56.59708384Z,40
,Ståle  sin iPhone,23.5,25.5,ESP32-C6,-47.5,2025-03-11T14:44:58.949408799Z,40
,Ståle  sin iPhone,24,25.5,ESP32-C6,-47.5,2025-03-11T14:45:01.207278043Z,40
,Ståle  sin iPhone,24,25.5,ESP32-C6,-47.5,2025-03-11T14:45:03.435547589Z,40
,Ståle  sin iPhone,24,25.5,ESP32-C6,-47.5,2025-03-11T14:45:05.820691918Z,40
,Ståle  sin iPhone,24,25.5,ESP32-C6,-48,2025-03-11T14:45:08.278160582Z,40
,Ståle  sin iPhone,24,25.5,ESP32-C6,-48,2025-03-11T14:45:10.519011772Z,40
,Ståle  sin iPhone,24,25.5,ESP32-C6,-48,2025-03-11T14:45:12.77714448Z,40
,Ståle  sin iPhone,24,25.5,ESP32-C6,-48,2025-03-11T14:45:17.891024977Z,40
,Ståle  sin iPhone,24,25.5,ESP32-C6,-48.5,2025-03-11T14:45:20.316315692Z,40
,Ståle  sin iPhone,24,25.5,ESP32-C6,-48.5,2025-03-11T14:45:22.598719338Z,40
,Ståle  sin iPhone,24,25.5,ESP32-C6,-48.5,2025-03-11T14:45:24.859620852Z,40
,Ståle  sin iPhone,24,25.5,ESP32-C6,-48.5,2025-03-11T14:45:27.102257902Z,40
,Ståle  sin iPhone,24,26,ESP32-C6,-48.5,2025-03-11T14:45:29.359766255Z,40
,Ståle  sin iPhone,24,26,ESP32-C6,-49,2025-03-11T14:45:31.796641688Z,40
,Ståle  sin iPhone,24.5,26,ESP32-C6,-49,2025-03-11T14:45:34.107564018Z,40
,Ståle  sin iPhone,24,26,ESP32-C6,-49,2025-03-11T14:45:36.531948167Z,40
,Ståle  sin iPhone,24,26,ESP32-C6,-49,2025-03-11T14:45:38.787798293Z,40
,Ståle  sin iPhone,24.5,26,ESP32-C6,-49,2025-03-11T14:45:41.147623802Z,40
,Ståle  sin iPhone,24.5,26,ESP32-C6,-49,2025-03-11T14:45:43.590309249Z,40
,Ståle  sin iPhone,24.5,26,ESP32-C6,-49.5,2025-03-11T14:45:45.82369215Z,40
,Ståle  sin iPhone,24.5,26,ESP32-C6,-49.5,2025-03-11T14:45:48.106530689Z,40
,Ståle  sin iPhone,24.5,26,ESP32-C6,-49.5,2025-03-11T14:45:50.4577477Z,40
,Ståle  sin iPhone,24.5,26,ESP32-C6,-49.5,2025-03-11T14:45:52.717617104Z,40
,Ståle  sin iPhone,24.5,26,ESP32-C6,-49.5,2025-03-11T14:45:55.168787239Z,40
,Ståle  sin iPhone,24.5,26,ESP32-C6,-49.5,2025-03-11T14:45:57.434706895Z,40
,Ståle  sin iPhone,24.5,26,ESP32-C6,-50,2025-03-11T14:45:59.77858656Z,40
,Ståle  sin iPhone,24.5,26.5,ESP32-C6,-50,2025-03-11T14:46:02.036989859Z,40
,Ståle  sin iPhone,24.5,26.5,ESP32-C6,-50,2025-03-11T14:46:04.289501659Z,40
,Ståle  sin iPhone,24.5,26.5,ESP32-C6,-50,2025-03-11T14:46:06.656942951Z,40
,Ståle  sin iPhone,25,26.5,ESP32-C6,-50,2025-03-11T14:46:08.991159768Z,40
,Ståle  sin iPhone,25,26.5,ESP32-C6,-50.5,2025-03-11T14:46:11.246815176Z,40
,Ståle  sin iPhone,25,26.5,ESP32-C6,-50.5,2025-03-11T14:46:13.606995909Z,40
,Ståle  sin iPhone,24.5,26.5,ESP32-C6,-50.5,2025-03-11T14:46:15.848980867Z,40
,Ståle  sin iPhone,25,26.5,ESP32-C6,-50.5,2025-03-11T14:46:18.099706785Z,40
,Ståle  sin iPhone,25,26.5,ESP32-C6,-50.5,2025-03-11T14:46:20.355618838Z,40
,Ståle  sin iPhone,25,26.5,ESP32-C6,-50.5,2025-03-11T14:46:22.689591182Z,39.5
,Ståle  sin iPhone,25,26.5,ESP32-C6,-51,2025-03-11T14:46:24.978938359Z,40
,Ståle  sin iPhone,25,26.5,ESP32-C6,-51,2025-03-11T14:46:27.219577147Z,40
,Ståle  sin iPhone,25,26.5,ESP32-C6,-51,2025-03-11T14:46:32.44680236Z,40
,Ståle  sin iPhone,25,26.5,ESP32-C6,-51,2025-03-11T14:46:34.797692044Z,40
,Ståle  sin iPhone,25,27,ESP32-C6,-51,2025-03-11T14:46:37.04977818Z,40
,Ståle  sin iPhone,25,27,ESP32-C6,-51,2025-03-11T14:46:39.315031215Z,39.5
,Ståle  sin iPhone,25,27,ESP32-C6,-51.5,2025-03-11T14:46:41.671736231Z,39.5
,Ståle  sin iPhone,25,27,ESP32-C6,-51.5,2025-03-11T14:46:44.008537486Z,40
,Ståle  sin iPhone,25,27,ESP32-C6,-51.5,2025-03-11T14:46:46.359654696Z,39.5
,Ståle  sin iPhone,25,27,ESP32-C6,-51.5,2025-03-11T14:46:48.62677847Z,39.5
,Ståle  sin iPhone,25.5,27,ESP32-C6,-51.5,2025-03-11T14:46:50.888002614Z,40
,Ståle  sin iPhone,25.5,27,ESP32-C6,-51.5,2025-03-11T14:46:53.236785161Z,39.5
,Ståle  sin iPhone,25.5,27,ESP32-C6,-52,2025-03-11T14:46:55.578793006Z,40
,Ståle  sin iPhone,25.5,27,ESP32-C6,-52,2025-03-11T14:46:57.940024354Z,39.5
,Ståle  sin iPhone,25.5,27,ESP32-C6,-52,2025-03-11T14:47:00.190614587Z,39.5
,Ståle  sin iPhone,25.5,27,ESP32-C6,-52,2025-03-11T14:47:02.556573908Z,39.5
,Ståle  sin iPhone,25.5,27,ESP32-C6,-52,2025-03-11T14:47:05.008417459Z,39.5
,Ståle  sin iPhone,25.5,27,ESP32-C6,-52,2025-03-11T14:47:07.467835112Z,39.5
,Ståle  sin iPhone,25.5,27,ESP32-C6,-52.5,2025-03-11T14:47:09.709017871Z,39.5
,Ståle  sin iPhone,25.5,27.5,ESP32-C6,-52.5,2025-03-11T14:47:12.071169589Z,39.5
,Ståle  sin iPhone,25.5,27.5,ESP32-C6,-52.5,2025-03-11T14:47:14.33900896Z,39.5
,Ståle  sin iPhone,25.5,27.5,ESP32-C6,-52.5,2025-03-11T14:47:16.672843073Z,39.5
,Ståle  sin iPhone,25.5,27.5,ESP32-C6,-52.5,2025-03-11T14:47:18.929841639Z,40
,Ståle  sin iPhone,25.5,27.5,ESP32-C6,-52.5,2025-03-11T14:47:21.386761387Z,39.5
,Ståle  sin iPhone,25.5,27.5,ESP32-C6,-52.5,2025-03-11T14:47:23.641925653Z,39.5
,Ståle  sin iPhone,25.5,27.5,ESP32-C6,-53,2025-03-11T14:47:25.912208303Z,39.5
,Ståle  sin iPhone,25.5,27.5,ESP32-C6,-53,2025-03-11T14:47:28.466824659Z,39.5
,Ståle  sin iPhone,26,27.5,ESP32-C6,-53,2025-03-11T14:47:31.001665216Z,39.5
,Ståle  sin iPhone,26,27.5,ESP32-C6,-53,2025-03-11T14:47:33.485966551Z,39.5
,Ståle  sin iPhone,26,27.5,ESP32-C6,-53,2025-03-11T14:47:35.830040015Z,39.5
,Ståle  sin iPhone,26,27.5,ESP32-C6,-53,2025-03-11T14:47:38.07877017Z,39.5
,Ståle  sin iPhone,26,27.5,ESP32-C6,-53,2025-03-11T14:47:40.330132697Z,39.5
,Ståle  sin iPhone,26,27.5,ESP32-C6,-53.5,2025-03-11T14:47:42.678907616Z,39.5
,Ståle  sin iPhone,26,27.5,ESP32-C6,-53.5,2025-03-11T14:47:44.978037991Z,40
,Ståle  sin iPhone,26,27.5,ESP32-C6,-53.5,2025-03-11T14:47:47.40735231Z,39.5
,Ståle  sin iPhone,26,27.5,ESP32-C6,-53.5,2025-03-11T14:47:49.650095819Z,39.5
,Ståle  sin iPhone,26,27.5,ESP32-C6,-53.5,2025-03-11T14:47:52.025001767Z,39.5
,Ståle  sin iPhone,26,27.5,ESP32-C6,-53.5,2025-03-11T14:47:54.359905695Z,39.5
,Ståle  sin iPhone,26,27.5,ESP32-C6,-54,2025-03-11T14:47:56.602149817Z,39.5
,Ståle  sin iPhone,26,28,ESP32-C6,-54,2025-03-11T14:47:58.870448556Z,39.5
,Ståle  sin iPhone,26,28,ESP32-C6,-54,2025-03-11T14:48:01.211945585Z,39.5
,Ståle  sin iPhone,26,28,ESP32-C6,-54,2025-03-11T14:48:03.453864938Z,39.5
,Ståle  sin iPhone,26,28,ESP32-C6,-54,2025-03-11T14:48:05.839196471Z,39.5
,Ståle  sin iPhone,26,28,ESP32-C6,-54,2025-03-11T14:48:08.089323057Z,39.5
,Ståle  sin iPhone,26,28,ESP32-C6,-54,2025-03-11T14:48:10.340087129Z,39.5
,Ståle  sin iPhone,26.5,28,ESP32-C6,-54,2025-03-11T14:48:12.581958308Z,39.5
,Ståle  sin iPhone,26,28,ESP32-C6,-54.5,2025-03-11T14:48:14.84739679Z,39.5
,Ståle  sin iPhone,26.5,28,ESP32-C6,-54.5,2025-03-11T14:48:17.199726019Z,39.5
,Ståle  sin iPhone,26,28,ESP32-C6,-54.5,2025-03-11T14:48:19.442645707Z,39.5
,Ståle  sin iPhone,26.5,28,ESP32-C6,-54.5,2025-03-11T14:48:21.702829914Z,39.5
,Ståle  sin iPhone,26.5,28,ESP32-C6,-54.5,2025-03-11T14:48:24.059033754Z,39.5
,Ståle  sin iPhone,26.5,28,ESP32-C6,-54.5,2025-03-11T14:48:26.401710194Z,39.5
,Ståle  sin iPhone,26.5,28,ESP32-C6,-54.5,2025-03-11T14:48:28.776927949Z,39.5
,Ståle  sin iPhone,32.5,33.5,ESP32-C6,-40.5,2025-03-11T15:31:45.740419285Z,37
,Ståle  sin iPhone,32.5,33.5,ESP32-C6,-40.5,2025-03-11T15:31:48.085712945Z,37
,Ståle  sin iPhone,32.5,33.5,ESP32-C6,-40.5,2025-03-11T15:31:50.357697545Z,37.5
,Ståle  sin iPhone,32.5,33.5,ESP32-C6,-40.5,2025-03-11T15:31:52.702635373Z,37
,Ståle  sin iPhone,32.5,33.5,ESP32-C6,-40.5,2025-03-11T15:31:54.962000361Z,37
,Ståle  sin iPhone,32.5,33.5,ESP32-C6,-40,2025-03-11T15:31:57.319948625Z,37
,Ståle  sin iPhone,32.5,33.5,ESP32-C6,-40,2025-03-11T15:31:59.581212354Z,37
,Ståle  sin iPhone,32.5,33.5,ESP32-C6,-40,2025-03-11T15:32:01.928735166Z,37
,Ståle  sin iPhone,32.5,33.5,ESP32-C6,-40,2025-03-11T15:32:04.128748722Z,37
,Ståle  sin iPhone,32.5,33.5,ESP32-C6,-40,2025-03-11T15:32:06.513255357Z,37
,Ståle  sin iPhone,32.5,33.5,ESP32-C6,-40,2025-03-11T15:32:08.788978908Z,37
,Ståle  sin iPhone,32.5,33.5,ESP32-C6,-40,2025-03-11T15:32:11.041400464Z,37
,Ståle  sin iPhone,32.5,33.5,ESP32-C6,-40,2025-03-11T15:32:13.297633919Z,37
,Ståle  sin iPhone,32.5,33.5,ESP32-C6,-39.5,2025-03-11T15:32:15.640783313Z,37.5
,Ståle  sin iPhone,32.5,33.5,ESP32-C6,-39.5,2025-03-11T15:32:17.999799484Z,37
,Ståle  sin iPhone,32.5,33.5,ESP32-C6,-39.5,2025-03-11T15:32:20.346404641Z,37
,Ståle  sin iPhone,32.5,33.5,ESP32-C6,-39.5,2025-03-11T15:32:22.709678193Z,37
,Ståle  sin iPhone,32.5,33.5,ESP32-C6,-39.5,2025-03-11T15:32:24.960551939Z,37
,Ståle  sin iPhone,32.5,33.5,ESP32-C6,-39.5,2025-03-11T15:32:27.152687006Z,37
,Ståle  sin iPhone,32.5,33.5,ESP32-C6,-39.5,2025-03-11T15:32:29.537437205Z,37
,Ståle  sin iPhone,32.5,33.5,ESP32-C6,-39.5,2025-03-11T15:32:31.815466697Z,37
,Ståle  sin iPhone,32.5,33.5,ESP32-C6,-39.5,2025-03-11T15:32:34.063947994Z,37
,Ståle  sin iPhone,32.5,33.5,ESP32-C6,-39.5,2025-03-11T15:32:36.439032163Z,37
,Ståle  sin iPhone,32.5,33.5,ESP32-C6,-39.5,2025-03-11T15:32:38.885388533Z,37
,Ståle  sin iPhone,32.5,33.5,ESP32-C6,-39.5,2025-03-11T15:32:41.250840178Z,37
,Ståle  sin iPhone,32.5,33.5,ESP32-C6,-39,2025-03-11T15:32:43.498660497Z,37
,Ståle  sin iPhone,32.5,33.5,ESP32-C6,-39,2025-03-11T15:32:48.509548636Z,37
,Ståle  sin iPhone,32.5,33.5,ESP32-C6,-39,2025-03-11T15:32:53.520389659Z,37
,Ståle  sin iPhone,32.5,33.5,ESP32-C6,-39,2025-03-11T15:32:55.7889551Z,37
,Ståle  sin iPhone,32.5,33.5,ESP32-C6,-39,2025-03-11T15:32:58.142385808Z,37
,Ståle  sin iPhone,32.5,33.5,ESP32-C6,-39,2025-03-11T15:33:00.390640593Z,37
,Ståle  sin iPhone,32.5,33.5,ESP32-C6,-39,2025-03-11T15:33:02.745008116Z,37
,Ståle  sin iPhone,32.5,33.5,ESP32-C6,-39,2025-03-11T15:33:05.082554005Z,37
,Ståle  sin iPhone,32.5,33.5,ESP32-C6,-39,2025-03-11T15:33:07.294755465Z,37
,Ståle  sin iPhone,32.5,33.5,ESP32-C6,-39,2025-03-11T15:33:09.600860804Z,37
,Ståle  sin iPhone,32.5,33.5,ESP32-C6,-39,2025-03-11T15:33:11.861079906Z,37
,Ståle  sin iPhone,32.5,33.5,ESP32-C6,-38.5,2025-03-11T15:33:14.122976193Z,37
,Ståle  sin iPhone,32.5,33.5,ESP32-C6,-38.5,2025-03-11T15:33:16.462769212Z,37
,Ståle  sin iPhone,32.5,33.5,ESP32-C6,-38.5,2025-03-11T15:33:18.719687382Z,37
,Ståle  sin iPhone,32.5,33.5,ESP32-C6,-38.5,2025-03-11T15:33:20.970812151Z,37
,Ståle  sin iPhone,32.5,33.5,ESP32-C6,-38.5,2025-03-11T15:33:23.33872632Z,37
,Ståle  sin iPhone,32.5,33.5,ESP32-C6,-38.5,2025-03-11T15:33:25.672489559Z,37
,Ståle  sin iPhone,32.5,33.5,ESP32-C6,-38.5,2025-03-11T15:33:28.032883669Z,37
,Ståle  sin iPhone,32.5,33.5,ESP32-C6,-38.5,2025-03-11T15:33:30.283356798Z,37
,Ståle  sin iPhone,32.5,33.5,ESP32-C6,-38.5,2025-03-11T15:33:32.540060446Z,37
,Ståle  sin iPhone,32.5,33.5,ESP32-C6,-38.5,2025-03-11T15:33:34.900590085Z,37
,Ståle  sin iPhone,32.5,33.5,ESP32-C6,-38.5,2025-03-11T15:33:37.251794463Z,37
,Ståle  sin iPhone,32.5,33.5,ESP32-C6,-38.5,2025-03-11T15:33:42.690149662Z,37
,Ståle  sin iPhone,32.5,33.5,ESP32-C6,-38.5,2025-03-11T15:33:45.090087747Z,37
,Ståle  sin iPhone,32.5,33.5,ESP32-C6,-38.5,2025-03-11T15:33:47.403183002Z,37
,Ståle  sin iPhone,32.5,33.5,ESP32-C6,-38.5,2025-03-11T15:33:49.74302325Z,37
,Ståle  sin iPhone,32.5,33.5,ESP32-C6,-38.5,2025-03-11T15:33:52.108399288Z,37
,Ståle  sin iPhone,32.5,33.5,ESP32-C6,-38.5,2025-03-11T15:33:54.468413821Z,37
,Ståle  sin iPhone,32.5,33.5,ESP32-C6,-38,2025-03-11T15:33:56.794995711Z,37
,Ståle  sin iPhone,32.5,33.5,ESP32-C6,-38,2025-03-11T15:33:59.178294679Z,37
,Ståle  sin iPhone,32.5,33.5,ESP32-C6,-38,2025-03-11T15:34:01.513862268Z,37
,Ståle  sin iPhone,32.5,33.5,ESP32-C6,-38,2025-03-11T15:34:03.762839138Z,37
,Ståle  sin iPhone,32.5,33.5,ESP32-C6,-38,2025-03-11T15:34:06.038296297Z,37
,Ståle  sin iPhone,32.5,33.5,ESP32-C6,-38,2025-03-11T15:34:08.388524262Z,37
,Ståle  sin iPhone,32.5,33.5,ESP32-C6,-38,2025-03-11T15:34:10.631531302Z,37
,Ståle  sin iPhone,32.5,33.5,ESP32-C6,-38,2025-03-11T15:34:12.989331799Z,37
,Ståle  sin iPhone,32.5,33.5,ESP32-C6,-38,2025-03-11T15:34:15.357973344Z,37
,Ståle  sin iPhone,32.5,33.5,ESP32-C6,-38,2025-03-11T15:34:18.123719178Z,37
,Ståle  sin iPhone,32.5,33.5,ESP32-C6,-38,2025-03-11T15:34:20.470415451Z,37
,Ståle  sin iPhone,32.5,33.5,ESP32-C6,-38,2025-03-11T15:34:22.722364545Z,37
,Ståle  sin iPhone,32.5,33.5,ESP32-C6,-38,2025-03-11T15:34:24.970373847Z,37
,Ståle  sin iPhone,32.5,33.5,ESP32-C6,-38,2025-03-11T15:34:27.331798161Z,37
,Ståle  sin iPhone,32.5,33.5,ESP32-C6,-38,2025-03-11T15:34:29.522798382Z,37
,Ståle  sin iPhone,32.5,33.5,ESP32-C6,-38,2025-03-11T15:34:31.830294334Z,37
,Ståle  sin iPhone,32.5,33.5,ESP32-C6,-38,2025-03-11T15:34:34.082948814Z,37
,Ståle  sin iPhone,32.5,33.5,ESP32-C6,-38,2025-03-11T15:34:36.430241167Z,37
,Ståle  sin iPhone,32.5,33.5,ESP32-C6,-38,2025-03-11T15:34:38.690770665Z,37
,Ståle  sin iPhone,32.5,33.5,ESP32-C6,-38,2025-03-11T15:34:40.947436282Z,37
,Ståle  sin iPhone,32.5,33.5,ESP32-C6,-38,2025-03-11T15:34:43.19926904Z,37
,Ståle  sin iPhone,32.5,33.5,ESP32-C6,-38,2025-03-11T15:34:45.458657996Z,37
,Ståle  sin iPhone,32.5,33.5,ESP32-C6,-38,2025-03-11T15:34:47.803250369Z,37
,Ståle  sin iPhone,32.5,33.5,ESP32-C6,-38,2025-03-11T15:34:50.068109353Z,37
,Ståle  sin iPhone,32.5,33.5,ESP32-C6,-38,2025-03-11T15:34:52.41884491Z,37
,Ståle  sin iPhone,32.5,33.5,ESP32-C6,-38,2025-03-11T15:34:54.77134152Z,37
,Ståle  sin iPhone,32.5,33.5,ESP32-C6,-38,2025-03-11T15:34:57.013151693Z,37
,Ståle  sin iPhone,32.5,33.5,ESP32-C6,-38,2025-03-11T15:34:59.422275665Z,37
,Ståle  sin iPhone,32.5,33.5,ESP32-C6,-38,2025-03-11T15:35:01.840032575Z,37
,Ståle  sin iPhone,32.5,33.5,ESP32-C6,-38,2025-03-11T15:35:04.10998743Z,37
,Ståle  sin iPhone,32.5,33.5,ESP32-C6,-38,2025-03-11T15:35:06.543218972Z,37
,Ståle  sin iPhone,32.5,33.5,ESP32-C6,-38,2025-03-11T15:35:08.901454133Z,37
,Ståle  sin iPhone,32.5,33.5,ESP32-C6,-38,2025-03-11T15:35:11.255850733Z,37
,Ståle  sin iPhone,32.5,33.5,ESP32-C6,-38,2025-03-11T15:35:13.502511728Z,37
,Ståle  sin iPhone,32.5,33.5,ESP32-C6,-38,2025-03-11T15:35:15.75971622Z,37
,Ståle  sin iPhone,32.5,33.5,ESP32-C6,-38,2025-03-11T15:35:18.102741347Z,37
,Ståle  sin iPhone,32.5,33.5,ESP32-C6,-38,2025-03-11T15:35:20.370990165Z,37
,Ståle  sin iPhone,32.5,33.5,ESP32-C6,-38,2025-03-11T15:35:22.644859519Z,37
,Ståle  sin iPhone,32.5,33.5,ESP32-C6,-38,2025-03-11T15:35:25.072728Z,37
,Ståle  sin iPhone,32.5,33.5,ESP32-C6,-38,2025-03-11T15:35:27.330283762Z,37
,Ståle  sin iPhone,32.5,33.5,ESP32-C6,-38,2025-03-11T15:35:29.529625278Z,37
,Ståle  sin iPhone,32.5,33.5,ESP32-C6,-38,2025-03-11T15:35:31.839801289Z,37
,Ståle  sin iPhone,32.5,33.5,ESP32-C6,-38,2025-03-11T15:35:34.090476665Z,37
,Ståle  sin iPhone,32.5,33.5,ESP32-C6,-38,2025-03-11T15:35:36.558381894Z,37
,Ståle  sin iPhone,32.5,33.5,ESP32-C6,-38,2025-03-11T15:35:38.799623697Z,37
,Ståle  sin iPhone,32.5,33.5,ESP32-C6,-38,2025-03-11T15:35:41.0616564Z,37
,Ståle  sin iPhone,32.5,33.5,ESP32-C6,-38,2025-03-11T15:35:43.323064468Z,37
,Ståle  sin iPhone,32.5,33.5,ESP32-C6,-38,2025-03-11T15:35:45.76366859Z,37
,Ståle  sin iPhone,32.5,33.5,ESP32-C6,-38,2025-03-11T15:35:48.028297098Z,37
,Ståle  sin iPhone,32.5,33.5,ESP32-C6,-38,2025-03-11T15:35:50.277982871Z,37
,Ståle  sin iPhone,32.5,33.5,ESP32-C6,-38,2025-03-11T15:35:52.546792493Z,37
,Ståle  sin iPhone,32.5,33.5,ESP32-C6,-38,2025-03-11T15:35:54.881623177Z,37
,Ståle  sin iPhone,32.5,33.5,ESP32-C6,-38,2025-03-11T15:35:57.132574027Z,37
,Ståle  sin iPhone,32.5,33.5,ESP32-C6,-38,2025-03-11T15:35:59.382686696Z,37
,Ståle  sin iPhone,32.5,33.5,ESP32-C6,-38,2025-03-11T15:36:04.420812285Z,37
,Ståle  sin iPhone,32.5,33.5,ESP32-C6,-38,2025-03-11T15:36:06.860645813Z,37
,Ståle  sin iPhone,32.5,33.5,ESP32-C6,-38,2025-03-11T15:36:09.20967024Z,37
,Ståle  sin iPhone,32.5,33.5,ESP32-C6,-38,2025-03-11T15:36:11.47992276Z,37
,Ståle  sin iPhone,32.5,33.5,ESP32-C6,-38,2025-03-11T15:36:13.930056049Z,37
,Ståle  sin iPhone,33,33.5,ESP32-C6,-37.5,2025-03-11T15:36:16.180569141Z,37
,Ståle  sin iPhone,32.5,33.5,ESP32-C6,-38,2025-03-11T15:36:18.528272137Z,37
,Ståle  sin iPhone,33,33.5,ESP32-C6,-37.5,2025-03-11T15:36:20.90548302Z,37
,Ståle  sin iPhone,32.5,33.5,ESP32-C6,-37.5,2025-03-11T15:36:23.240796898Z,37
,Ståle  sin iPhone,32.5,33.5,ESP32-C6,-37.5,2025-03-11T15:36:25.600760999Z,37
,Ståle  sin iPhone,32.5,33.5,ESP32-C6,-37.5,2025-03-11T15:36:27.849602412Z,37
,Ståle  sin iPhone,32.5,33.5,ESP32-C6,-37.5,2025-03-11T15:36:30.218638635Z,37
,Ståle  sin iPhone,33,33.5,ESP32-C6,-37.5,2025-03-11T15:36:32.5634417Z,37
,Ståle  sin iPhone,33,33.5,ESP32-C6,-37.5,2025-03-11T15:36:34.825062778Z,37
,Ståle  sin iPhone,32.5,33.5,ESP32-C6,-37.5,2025-03-11T15:36:37.1806119Z,37
,Ståle  sin iPhone,32.5,33.5,ESP32-C6,-37.5,2025-03-11T15:36:39.427975887Z,37
,Ståle  sin iPhone,32.5,33.5,ESP32-C6,-37.5,2025-03-11T15:36:41.788309798Z,37
,Ståle  sin iPhone,33,33.5,ESP32-C6,-37.5,2025-03-11T15:36:44.129994773Z,37
,Ståle  sin iPhone,32.5,33.5,ESP32-C6,-37.5,2025-03-11T15:36:46.490695664Z,37
,Ståle  sin iPhone,33,33.5,ESP32-C6,-37.5,2025-03-11T15:36:48.720393826Z,37
,Ståle  sin iPhone,33,33.5,ESP32-C6,-37.5,2025-03-11T15:36:51.208208926Z,37
,Ståle  sin iPhone,33,33.5,ESP32-C6,-37.5,2025-03-11T15:36:53.566861286Z,37
,Ståle  sin iPhone,33,33.5,ESP32-C6,-37.5,2025-03-11T15:36:55.910682557Z,37
,Ståle  sin iPhone,33,33.5,ESP32-C6,-37.5,2025-03-11T15:36:58.165518846Z,37
,Ståle  sin iPhone,32.5,33.5,ESP32-C6,-37.5,2025-03-11T15:37:00.393183086Z,37
,Ståle  sin iPhone,33,33.5,ESP32-C6,-37.5,2025-03-11T15:37:02.758203564Z,37
,Ståle  sin iPhone,33,33.5,ESP32-C6,-37.5,2025-03-11T15:37:05.231079887Z,37
,Ståle  sin iPhone,33,33.5,ESP32-C6,-37.5,2025-03-11T15:37:07.468838585Z,37
,Ståle  sin iPhone,32.5,33.5,ESP32-C6,-37.5,2025-03-11T15:37:09.816050872Z,37
,Ståle  sin iPhone,33,33.5,ESP32-C6,-37.5,2025-03-11T15:37:12.073806602Z,37
,Ståle  sin iPhone,33,33.5,ESP32-C6,-37.5,2025-03-11T15:37:14.328490574Z,37
,Ståle  sin iPhone,33,33.5,ESP32-C6,-37.5,2025-03-11T15:37:16.597661031Z,37
,Ståle  sin iPhone,33,33.5,ESP32-C6,-37.5,2025-03-11T15:37:18.957793254Z,37
,Ståle  sin iPhone,33,33.5,ESP32-C6,-37.5,2025-03-11T15:37:21.283213072Z,37
,Ståle  sin iPhone,33,33.5,ESP32-C6,-37.5,2025-03-11T15:37:23.653587252Z,37
,Ståle  sin iPhone,33,33.5,ESP32-C6,-37.5,2025-03-11T15:37:25.918369462Z,37
,Ståle  sin iPhone,33,33.5,ESP32-C6,-37.5,2025-03-11T15:37:28.252206084Z,37
,Ståle  sin iPhone,33,33.5,ESP32-C6,-37.5,2025-03-11T15:37:30.500925491Z,37
,Ståle  sin iPhone,33,33.5,ESP32-C6,-37,2025-03-11T15:37:32.768573056Z,37
,Ståle  sin iPhone,33,33.5,ESP32-C6,-37,2025-03-11T15:37:35.037908078Z,37
,Ståle  sin iPhone,33,33.5,ESP32-C6,-37.5,2025-03-11T15:37:37.39633501Z,37
,Ståle  sin iPhone,33,33.5,ESP32-C6,-37.5,2025-03-11T15:37:39.73979961Z,37
,Ståle  sin iPhone,33,33.5,ESP32-C6,-37,2025-03-11T15:37:41.964717245Z,37
,Ståle  sin iPhone,33,33.5,ESP32-C6,-37.5,2025-03-11T15:37:44.255748375Z,37
,Ståle  sin iPhone,33,33.5,ESP32-C6,-37,2025-03-11T15:37:46.607820105Z,37
,Ståle  sin iPhone,33,33.5,ESP32-C6,-37,2025-03-11T15:37:48.931150559Z,37
,Ståle  sin iPhone,33,33.5,ESP32-C6,-37,2025-03-11T15:37:51.318823099Z,37
,Ståle  sin iPhone,32.5,33.5,ESP32-C6,-37,2025-03-11T15:37:53.568353645Z,37
,Ståle  sin iPhone,33,33.5,ESP32-C6,-37,2025-03-11T15:37:55.8259567Z,37
,Ståle  sin iPhone,33,33.5,ESP32-C6,-37,2025-03-11T15:37:58.28974396Z,37
,Ståle  sin iPhone,33,33.5,ESP32-C6,-37,2025-03-11T15:38:00.606436222Z,37
,Ståle  sin iPhone,33,33.5,ESP32-C6,-37,2025-03-11T15:38:02.879646531Z,37
,Ståle  sin iPhone,33,33.5,ESP32-C6,-37,2025-03-11T15:38:05.130584785Z,37
,Ståle  sin iPhone,33,33.5,ESP32-C6,-37,2025-03-11T15:38:07.690287991Z,37
,Ståle  sin iPhone,33,33.5,ESP32-C6,-37,2025-03-11T15:38:09.92162295Z,37
,Ståle  sin iPhone,33,33.5,ESP32-C6,-37,2025-03-11T15:38:12.500623849Z,37
,Ståle  sin iPhone,33,33.5,ESP32-C6,-37,2025-03-11T15:38:14.868217049Z,37
,Ståle  sin iPhone,33,33.5,ESP32-C6,-37,2025-03-11T15:38:17.128838503Z,37
,Ståle  sin iPhone,33,33.5,ESP32-C6,-37,2025-03-11T15:38:19.453231129Z,37
,Ståle  sin iPhone,33,33.5,ESP32-C6,-37,2025-03-11T15:38:21.820875947Z,37
,Ståle  sin iPhone,32.5,33.5,ESP32-C6,-37,2025-03-11T15:38:24.079968917Z,37
,Ståle  sin iPhone,33,33.5,ESP32-C6,-37,2025-03-11T15:38:26.429860468Z,37
,Ståle  sin iPhone,33,33.5,ESP32-C6,-37,2025-03-11T15:38:28.789950603Z,37
,Ståle  sin iPhone,33,33.5,ESP32-C6,-37,2025-03-11T15:38:31.039821688Z,37
,Ståle  sin iPhone,33,33.5,ESP32-C6,-37,2025-03-11T15:38:33.298800373Z,37
,Ståle  sin iPhone,33,33.5,ESP32-C6,-37,2025-03-11T15:38:35.54813465Z,37
,Ståle  sin iPhone,33,33.5,ESP32-C6,-37,2025-03-11T15:38:37.901343039Z,37
,Ståle  sin iPhone,33,33.5,ESP32-C6,-37,2025-03-11T15:38:40.129476583Z,37
,Ståle  sin iPhone,33,33.5,ESP32-C6,-37,2025-03-11T15:38:42.400242138Z,37
,Ståle  sin iPhone,33,33.5,ESP32-C6,-37,2025-03-11T15:38:44.649824311Z,37
,Ståle  sin iPhone,33,33.5,ESP32-C6,-37,2025-03-11T15:38:46.910013271Z,37
,Ståle  sin iPhone,33,33.5,ESP32-C6,-37,2025-03-11T15:38:49.147636037Z,37
,Ståle  sin iPhone,33,33.5,ESP32-C6,-37,2025-03-11T15:38:51.415575996Z,37
,Ståle  sin iPhone,33,33.5,ESP32-C6,-37,2025-03-11T15:38:53.678187681Z,37
,Ståle  sin iPhone,33,33.5,ESP32-C6,-37,2025-03-11T15:38:55.909752Z,37
,Ståle  sin iPhone,33,33.5,ESP32-C6,-37,2025-03-11T15:38:58.151888381Z,37
,Ståle  sin iPhone,33,33.5,ESP32-C6,-37,2025-03-11T15:39:00.530522169Z,37
,Ståle  sin iPhone,33,33.5,ESP32-C6,-37,2025-03-11T15:39:02.789726742Z,37
,Ståle  sin iPhone,33,33.5,ESP32-C6,-37,2025-03-11T15:39:05.046847979Z,37
,Ståle  sin iPhone,33,33.5,ESP32-C6,-37,2025-03-11T15:39:07.317777481Z,37
,Ståle  sin iPhone,33,33.5,ESP32-C6,-37,2025-03-11T15:39:09.742992264Z,37
,Ståle  sin iPhone,33,33.5,ESP32-C6,-37,2025-03-11T15:39:12.007926111Z,37
,Ståle  sin iPhone,33,33.5,ESP32-C6,-37,2025-03-11T15:39:14.25837609Z,37
,Ståle  sin iPhone,33,33.5,ESP32-C6,-37,2025-03-11T15:39:16.49280949Z,37
,Ståle  sin iPhone,33,33.5,ESP32-C6,-37,2025-03-11T15:39:18.871142673Z,37
,Ståle  sin iPhone,33,33.5,ESP32-C6,-37,2025-03-11T15:39:21.428693001Z,37
,Ståle  sin iPhone,33,33.5,ESP32-C6,-37,2025-03-11T15:39:23.879889669Z,37
,Ståle  sin iPhone,33,33.5,ESP32-C6,-37,2025-03-11T15:39:26.123377249Z,37
,Ståle  sin iPhone,33,33.5,ESP32-C6,-37,2025-03-11T15:39:28.388401052Z,37
,Ståle  sin iPhone,33,33.5,ESP32-C6,-37,2025-03-11T15:39:30.741254373Z,37
,Ståle  sin iPhone,33,33.5,ESP32-C6,-37,2025-03-11T15:39:33.090771452Z,37
,Ståle  sin iPhone,33,33.5,ESP32-C6,-37,2025-03-11T15:39:35.344740459Z,37
,Ståle  sin iPhone,33,33.5,ESP32-C6,-37,2025-03-11T15:39:37.614904141Z,37
,Ståle  sin iPhone,33,33.5,ESP32-C6,-37,2025-03-11T15:39:39.943624778Z,37
,Ståle  sin iPhone,33,33.5,ESP32-C6,-37,2025-03-11T15:39:42.204283829Z,37
,Ståle  sin iPhone,33,33,ESP32-C6,-37,2025-03-11T15:39:44.476697964Z,37
,Ståle  sin iPhone,33,33,ESP32-C6,-37,2025-03-11T15:39:47.122734904Z,37
,Ståle  sin iPhone,33,32.5,ESP32-C6,-37,2025-03-11T15:39:49.474572108Z,37
,Ståle  sin iPhone,33,32,ESP32-C6,-37,2025-03-11T15:39:51.723712318Z,37
,Ståle  sin iPhone,33,32,ESP32-C6,-37,2025-03-11T15:39:54.218255446Z,37
,Ståle  sin iPhone,33,31.5,ESP32-C6,-37,2025-03-11T15:39:56.623596235Z,37
,Ståle  sin iPhone,33,31.5,ESP32-C6,-37,2025-03-11T15:39:58.992395221Z,37
,Ståle  sin iPhone,33,31,ESP32-C6,-37,2025-03-11T15:40:01.36162609Z,37
,Ståle  sin iPhone,33,31,ESP32-C6,-37,2025-03-11T15:40:03.610901915Z,37
,Ståle  sin iPhone,33,30.5,ESP32-C6,-37,2025-03-11T15:40:09.132655879Z,37
,Ståle  sin iPhone,33,30.5,ESP32-C6,-37.5,2025-03-11T15:40:11.372424763Z,37
,Ståle  sin iPhone,33,30,ESP32-C6,-37,2025-03-11T15:40:13.730832275Z,37
,Ståle  sin iPhone,33,30,ESP32-C6,-37,2025-03-11T15:40:16.001111148Z,37
,Ståle  sin iPhone,33,30,ESP32-C6,-37.5,2025-03-11T15:40:18.34961214Z,37
,Ståle  sin iPhone,33,29.5,ESP32-C6,-37.5,2025-03-11T15:40:20.819320339Z,37
,Ståle  sin iPhone,33,29.5,ESP32-C6,-37.5,2025-03-11T15:40:23.26285474Z,37
,Ståle  sin iPhone,33,29.5,ESP32-C6,-37.5,2025-03-11T15:40:25.628116178Z,37
,Ståle  sin iPhone,33,29,ESP32-C6,-37,2025-03-11T15:40:27.991486661Z,37
,Ståle  sin iPhone,33,29,ESP32-C6,-37.5,2025-03-11T15:40:30.440126313Z,37
,Ståle  sin iPhone,33,29,ESP32-C6,-37.5,2025-03-11T15:40:32.689675552Z,37
,Ståle  sin iPhone,33,29,ESP32-C6,-37.5,2025-03-11T15:40:35.049900563Z,37
,Ståle  sin iPhone,33,29,ESP32-C6,-37.5,2025-03-11T15:40:37.202237483Z,37
,Ståle  sin iPhone,33,28.5,ESP32-C6,-37.5,2025-03-11T15:40:39.44310586Z,37
,Ståle  sin iPhone,33,28.5,ESP32-C6,-37.5,2025-03-11T15:40:41.708469532Z,37
,Ståle  sin iPhone,33,28.5,ESP32-C6,-37.5,2025-03-11T15:40:43.94375531Z,37
,Ståle  sin iPhone,33,28.5,ESP32-C6,-37.5,2025-03-11T15:40:46.310921902Z,37
,Ståle  sin iPhone,33,28.5,ESP32-C6,-37.5,2025-03-11T15:40:48.662317117Z,37
,Ståle  sin iPhone,33,28,ESP32-C6,-37.5,2025-03-11T15:40:51.012951371Z,37
,Ståle  sin iPhone,33,28,ESP32-C6,-37.5,2025-03-11T15:40:53.269783515Z,37
,Ståle  sin iPhone,33,28,ESP32-C6,-37.5,2025-03-11T15:40:55.529866229Z,37
,Ståle  sin iPhone,33,28,ESP32-C6,-37.5,2025-03-11T15:40:57.880918227Z,37
,Ståle  sin iPhone,33,28,ESP32-C6,-37.5,2025-03-11T15:41:00.131009617Z,37
,Ståle  sin iPhone,33,28,ESP32-C6,-37.5,2025-03-11T15:41:02.489575978Z,37
,Ståle  sin iPhone,33,27.5,ESP32-C6,-37.5,2025-03-11T15:41:04.73251071Z,37
,Ståle  sin iPhone,33,27.5,ESP32-C6,-37.5,2025-03-11T15:41:07.093826936Z,37
,Ståle  sin iPhone,33,27.5,ESP32-C6,-37.5,2025-03-11T15:41:09.371740699Z,37
,Ståle  sin iPhone,33,27.5,ESP32-C6,-37.5,2025-03-11T15:41:11.703172459Z,37
,Ståle  sin iPhone,33,27.5,ESP32-C6,-37.5,2025-03-11T15:41:13.968788962Z,37
,Ståle  sin iPhone,33,27.5,ESP32-C6,-37.5,2025-03-11T15:41:16.323995781Z,37
,Ståle  sin iPhone,33,27.5,ESP32-C6,-37.5,2025-03-11T15:41:18.777651841Z,37
,Ståle  sin iPhone,33,27.5,ESP32-C6,-37.5,2025-03-11T15:41:21.239213739Z,37
,Ståle  sin iPhone,33,27,ESP32-C6,-37.5,2025-03-11T15:41:23.479818916Z,37
,Ståle  sin iPhone,33,27,ESP32-C6,-37.5,2025-03-11T15:41:25.732484036Z,37
,Ståle  sin iPhone,33,27,ESP32-C6,-37.5,2025-03-11T15:41:28.097930985Z,37
,Ståle  sin iPhone,33,27,ESP32-C6,-37.5,2025-03-11T15:41:30.332748447Z,37
,Ståle  sin iPhone,33,27,ESP32-C6,-37.5,2025-03-11T15:41:32.600013926Z,37
,Ståle  sin iPhone,33,27,ESP32-C6,-37.5,2025-03-11T15:41:34.849969201Z,37
,Ståle  sin iPhone,33,27,ESP32-C6,-37.5,2025-03-11T15:41:37.182978709Z,37
,Ståle  sin iPhone,33,27,ESP32-C6,-37.5,2025-03-11T15:41:39.452758658Z,37
,Ståle  sin iPhone,33,27,ESP32-C6,-37.5,2025-03-11T15:41:41.717329447Z,37
,Ståle  sin iPhone,33,27,ESP32-C6,-37.5,2025-03-11T15:41:43.95990938Z,37
,Ståle  sin iPhone,33,26.5,ESP32-C6,-37.5,2025-03-11T15:41:46.313058155Z,37
,Ståle  sin iPhone,33,26.5,ESP32-C6,-37.5,2025-03-11T15:41:48.570225342Z,37
,Ståle  sin iPhone,33,26.5,ESP32-C6,-38,2025-03-11T15:41:50.820068675Z,37
,Ståle  sin iPhone,33,26.5,ESP32-C6,-37.5,2025-03-11T15:41:53.078330818Z,37
,Ståle  sin iPhone,33,26.5,ESP32-C6,-37.5,2025-03-11T15:41:55.547131888Z,37
,Ståle  sin iPhone,33,26.5,ESP32-C6,-38,2025-03-11T15:41:57.883311521Z,37
,Ståle  sin iPhone,33,26.5,ESP32-C6,-38,2025-03-11T15:42:00.134704351Z,37
,Ståle  sin iPhone,33,26.5,ESP32-C6,-38,2025-03-11T15:42:02.403029992Z,37
,Ståle  sin iPhone,33,26.5,ESP32-C6,-38,2025-03-11T15:42:04.63213046Z,37
,Ståle  sin iPhone,33,26.5,ESP32-C6,-38,2025-03-11T15:42:07.099760044Z,37
,Ståle  sin iPhone,33,26.5,ESP32-C6,-38,2025-03-11T15:42:09.359788041Z,37
,Ståle  sin iPhone,33,26.5,ESP32-C6,-38,2025-03-11T15:42:11.71254833Z,37
,Ståle  sin iPhone,33,26.5,ESP32-C6,-38,2025-03-11T15:42:13.961327946Z,37
,Ståle  sin iPhone,33,26.5,ESP32-C6,-38,2025-03-11T15:42:16.312548098Z,36.5
,Ståle  sin iPhone,33,26,ESP32-C6,-38,2025-03-11T15:42:18.584726248Z,37
,Ståle  sin iPhone,33,26,ESP32-C6,-38,2025-03-11T15:42:20.923825647Z,37
,Ståle  sin iPhone,33,26,ESP32-C6,-38,2025-03-11T15:42:23.180497571Z,36.5
,Ståle  sin iPhone,33,26,ESP32-C6,-38,2025-03-11T15:42:25.423383252Z,37
,Ståle  sin iPhone,33,26,ESP32-C6,-38,2025-03-11T15:42:27.782700944Z,37
,Ståle  sin iPhone,33,26,ESP32-C6,-38,2025-03-11T15:42:30.049477458Z,37
,Ståle  sin iPhone,33,26,ESP32-C6,-38,2025-03-11T15:42:35.06843305Z,37
,Ståle  sin iPhone,33,26,ESP32-C6,-38,2025-03-11T15:42:37.318078996Z,37
,Ståle  sin iPhone,33,26,ESP32-C6,-38,2025-03-11T15:42:39.770667011Z,37
,Ståle  sin iPhone,33,26,ESP32-C6,-38,2025-03-11T15:42:42.120695859Z,36.5
,Ståle  sin iPhone,33,26,ESP32-C6,-38,2025-03-11T15:42:44.392960124Z,37
,Ståle  sin iPhone,33,26,ESP32-C6,-38,2025-03-11T15:42:46.746832027Z,36.5
,Ståle  sin iPhone,33,26,ESP32-C6,-38,2025-03-11T15:42:49.073807038Z,37
,Ståle  sin iPhone,33,26,ESP32-C6,-38,2025-03-11T15:42:51.334715626Z,37
,Ståle  sin iPhone,33,26,ESP32-C6,-38,2025-03-11T15:42:53.598597095Z,36.5
,Ståle  sin iPhone,33,26,ESP32-C6,-38.5,2025-03-11T15:42:55.949834646Z,36.5
,Ståle  sin iPhone,33,26,ESP32-C6,-38,2025-03-11T15:42:58.207797922Z,37
,Ståle  sin iPhone,33,26,ESP32-C6,-38.5,2025-03-11T15:43:00.560204488Z,37
,Ståle  sin iPhone,33,25.5,ESP32-C6,-38.5,2025-03-11T15:43:02.800004798Z,36.5
,Ståle  sin iPhone,33,25.5,ESP32-C6,-38.5,2025-03-11T15:43:05.076497071Z,36.5
,Ståle  sin iPhone,33,25.5,ESP32-C6,-38.5,2025-03-11T15:43:07.519385306Z,37
,Ståle  sin iPhone,33,25.5,ESP32-C6,-38.5,2025-03-11T15:43:09.87931852Z,36.5
,Ståle  sin iPhone,33,25.5,ESP32-C6,-38.5,2025-03-11T15:43:12.219918294Z,36.5
,Ståle  sin iPhone,33,25.5,ESP32-C6,-38.5,2025-03-11T15:43:14.479403768Z,36.5
,Ståle  sin iPhone,33,25.5,ESP32-C6,-38.5,2025-03-11T15:43:16.856378905Z,36.5
,Ståle  sin iPhone,33,25.5,ESP32-C6,-38.5,2025-03-11T15:43:19.183295375Z,36.5
,Ståle  sin iPhone,33,25.5,ESP32-C6,-38.5,2025-03-11T15:43:21.440701108Z,36.5
,Ståle  sin iPhone,33,25.5,ESP32-C6,-38.5,2025-03-11T15:43:23.809570934Z,37
,Ståle  sin iPhone,33,25.5,ESP32-C6,-38.5,2025-03-11T15:43:26.144100662Z,37
,Ståle  sin iPhone,33,25.5,ESP32-C6,-38.5,2025-03-11T15:43:28.4105327Z,37
,Ståle  sin iPhone,33,25.5,ESP32-C6,-38.5,2025-03-11T15:43:30.774106867Z,37
,Ståle  sin iPhone,33,25.5,ESP32-C6,-38.5,2025-03-11T15:43:33.020637434Z,36.5
,Ståle  sin iPhone,33,25.5,ESP32-C6,-38.5,2025-03-11T15:43:35.361988224Z,36.5
,Ståle  sin iPhone,33,25.5,ESP32-C6,-38.5,2025-03-11T15:43:37.627656889Z,36.5
,Ståle  sin iPhone,33,25.5,ESP32-C6,-38.5,2025-03-11T15:43:39.98772066Z,36.5
,Ståle  sin iPhone,33,25.5,ESP32-C6,-38.5,2025-03-11T15:43:42.337987103Z,37
,Ståle  sin iPhone,33,25.5,ESP32-C6,-38.5,2025-03-11T15:43:44.707730432Z,36.5
,Ståle  sin iPhone,33,25.5,ESP32-C6,-38.5,2025-03-11T15:43:47.040639085Z,36.5
,Ståle  sin iPhone,33,25.5,ESP32-C6,-38.5,2025-03-11T15:43:49.399805276Z,36.5
,Ståle  sin iPhone,33,25.5,ESP32-C6,-38.5,2025-03-11T15:43:51.750759305Z,36.5
,Ståle  sin iPhone,33,25.5,ESP32-C6,-38.5,2025-03-11T15:43:54.018196051Z,36.5
,Ståle  sin iPhone,33,25.5,ESP32-C6,-39,2025-03-11T15:43:56.268599871Z,36.5
,Ståle  sin iPhone,33,25.5,ESP32-C6,-39,2025-03-11T15:43:58.514326664Z,36.5
,Ståle  sin iPhone,33,25.5,ESP32-C6,-39,2025-03-11T15:44:00.98384659Z,36.5
,Ståle  sin iPhone,33,25.5,ESP32-C6,-39,2025-03-11T15:44:03.440456352Z,36.5
,Ståle  sin iPhone,33,25.5,ESP32-C6,-39,2025-03-11T15:44:05.797524694Z,36.5
,Ståle  sin iPhone,33,25.5,ESP32-C6,-39,2025-03-11T15:44:08.141684768Z,36.5
,Ståle  sin iPhone,33,25.5,ESP32-C6,-39,2025-03-11T15:44:10.385215881Z,36.5
,Ståle  sin iPhone,33,25.5,ESP32-C6,-39,2025-03-11T15:44:12.648929715Z,36.5
,Ståle  sin iPhone,33,25.5,ESP32-C6,-39,2025-03-11T15:44:15.004639536Z,36.5
,Ståle  sin iPhone,33,25.5,ESP32-C6,-39,2025-03-11T15:44:17.360059728Z,36.5
,Ståle  sin iPhone,33,25.5,ESP32-C6,-39,2025-03-11T15:44:19.709703494Z,36.5
,Ståle  sin iPhone,33,25.5,ESP32-C6,-39,2025-03-11T15:44:22.078699865Z,36.5
,Ståle  sin iPhone,33,25,ESP32-C6,-39,2025-03-11T15:44:24.348012674Z,36.5
,Ståle  sin iPhone,33,25.5,ESP32-C6,-39,2025-03-11T15:44:29.857959645Z,36.5
,Ståle  sin iPhone,33,25.5,ESP32-C6,-39,2025-03-11T15:44:32.101617979Z,36.5
,Ståle  sin iPhone,32.5,25,ESP32-C6,-39,2025-03-11T15:44:34.367869892Z,36.5
,Ståle  sin iPhone,32.5,25,ESP32-C6,-39,2025-03-11T15:44:36.80362305Z,36.5
,Ståle  sin iPhone,32.5,25,ESP32-C6,-39,2025-03-11T15:44:39.072019755Z,36.5
,Ståle  sin iPhone,32,25,ESP32-C6,-39,2025-03-11T15:44:41.423502618Z,36.5
,Ståle  sin iPhone,32,25.5,ESP32-C6,-39,2025-03-11T15:44:43.888633216Z,36.5
,Ståle  sin iPhone,32,25.5,ESP32-C6,-39,2025-03-11T15:44:46.238055248Z,37
,Ståle  sin iPhone,32,25.5,ESP32-C6,-39.5,2025-03-11T15:44:48.583691305Z,37
,Ståle  sin iPhone,32,25.5,ESP32-C6,-39.5,2025-03-11T15:44:51.273564185Z,37
,Ståle  sin iPhone,32,26,ESP32-C6,-39.5,2025-03-11T15:44:54.020619196Z,37
,Ståle  sin iPhone,31.5,27,ESP32-C6,-39.5,2025-03-11T15:44:56.270869353Z,37
,Ståle  sin iPhone,31.5,27.5,ESP32-C6,-39.5,2025-03-11T15:44:58.527990827Z,37
,Ståle  sin iPhone,31.5,27.5,ESP32-C6,-39.5,2025-03-11T15:45:00.753730703Z,37
,Ståle  sin iPhone,31.5,28,ESP32-C6,-39.5,2025-03-11T15:45:03.040670485Z,37
,Ståle  sin iPhone,31.5,28,ESP32-C6,-39.5,2025-03-11T15:45:05.380487206Z,37
,Ståle  sin iPhone,31.5,28.5,ESP32-C6,-39.5,2025-03-11T15:45:07.629832427Z,37
,Ståle  sin iPhone,31.5,28.5,ESP32-C6,-39.5,2025-03-11T15:45:09.883717147Z,36.5
,Ståle  sin iPhone,31.5,28.5,ESP32-C6,-39.5,2025-03-11T15:45:12.14053051Z,36.5
,Ståle  sin iPhone,31.5,29,ESP32-C6,-39.5,2025-03-11T15:45:14.390461229Z,36.5
,Ståle  sin iPhone,31.5,29,ESP32-C6,-39.5,2025-03-11T15:45:16.640707815Z,36.5
,Ståle  sin iPhone,31.5,29,ESP32-C6,-39.5,2025-03-11T15:45:18.900860208Z,37
,Ståle  sin iPhone,31.5,29,ESP32-C6,-39.5,2025-03-11T15:45:21.160198024Z,36.5
,Ståle  sin iPhone,31.5,29,ESP32-C6,-39.5,2025-03-11T15:45:23.400204782Z,37
,Ståle  sin iPhone,31.5,29,ESP32-C6,-39.5,2025-03-11T15:45:25.659582495Z,36.5
,Ståle  sin iPhone,31.5,29.5,ESP32-C6,-39.5,2025-03-11T15:45:27.902649056Z,36.5
,Ståle  sin iPhone,31.5,29.5,ESP32-C6,-39.5,2025-03-11T15:45:30.143140715Z,36.5
,Ståle  sin iPhone,31.5,29.5,ESP32-C6,-40,2025-03-11T15:45:32.413874692Z,36.5
,Ståle  sin iPhone,31.5,29.5,ESP32-C6,-40,2025-03-11T15:45:34.770477347Z,36.5
,Ståle  sin iPhone,31.5,29.5,ESP32-C6,-40,2025-03-11T15:45:37.020983413Z,36.5
,Ståle  sin iPhone,31.5,29.5,ESP32-C6,-40,2025-03-11T15:45:39.267971068Z,37
,Ståle  sin iPhone,31.5,29.5,ESP32-C6,-40,2025-03-11T15:45:41.537466977Z,36.5
,Ståle  sin iPhone,31.5,29.5,ESP32-C6,-40,2025-03-11T15:45:43.780563193Z,36.5
,Ståle  sin iPhone,31.5,29.5,ESP32-C6,-40,2025-03-11T15:45:46.153381312Z,36.5
,Ståle  sin iPhone,31.5,29.5,ESP32-C6,-40,2025-03-11T15:45:48.499634295Z,36.5
,Ståle  sin iPhone,31.5,29.5,ESP32-C6,-40,2025-03-11T15:45:50.844007004Z,36.5
,Ståle  sin iPhone,31.5,29.5,ESP32-C6,-40,2025-03-11T15:45:53.094019105Z,36.5
,Ståle  sin iPhone,31.5,29.5,ESP32-C6,-40,2025-03-11T15:45:55.365894911Z,36.5
,Ståle  sin iPhone,31.5,29.5,ESP32-C6,-40,2025-03-11T15:45:57.717774593Z,36.5
,Ståle  sin iPhone,31.5,30,ESP32-C6,-40,2025-03-11T15:45:59.975787344Z,36.5
,Ståle  sin iPhone,31.5,30,ESP32-C6,-40,2025-03-11T15:46:05.4906766Z,36.5
,Ståle  sin iPhone,31.5,30,ESP32-C6,-40,2025-03-11T15:46:07.95057358Z,36.5
,Ståle  sin iPhone,31.5,30,ESP32-C6,-40,2025-03-11T15:46:10.217758208Z,36.5
,Ståle  sin iPhone,31.5,30,ESP32-C6,-40.5,2025-03-11T15:46:12.910750376Z,36.5
,Ståle  sin iPhone,31.5,30,ESP32-C6,-40.5,2025-03-11T15:46:15.202991554Z,36.5
,Ståle  sin iPhone,31.5,30,ESP32-C6,-40.5,2025-03-11T15:46:17.474394189Z,36.5
,Ståle  sin iPhone,31.5,30,ESP32-C6,-40.5,2025-03-11T15:46:19.839996013Z,36.5
,Ståle  sin iPhone,31.5,30,ESP32-C6,-40.5,2025-03-11T15:46:22.28859548Z,36.5
,Ståle  sin iPhone,31.5,30,ESP32-C6,-40.5,2025-03-11T15:46:24.641208136Z,36.5
,Ståle  sin iPhone,31.5,30,ESP32-C6,-40.5,2025-03-11T15:46:27.082392859Z,36.5
,Ståle  sin iPhone,31.5,30,ESP32-C6,-40.5,2025-03-11T15:46:29.356289494Z,36.5
,Ståle  sin iPhone,31.5,30,ESP32-C6,-40.5,2025-03-11T15:46:31.700411593Z,36.5
,Ståle  sin iPhone,31.5,30,ESP32-C6,-40.5,2025-03-11T15:46:34.062972323Z,36.5
,Ståle  sin iPhone,31.5,30,ESP32-C6,-40.5,2025-03-11T15:46:36.418417315Z,36.5
,Ståle  sin iPhone,31.5,30,ESP32-C6,-40.5,2025-03-11T15:46:38.665969256Z,36.5
,Ståle  sin iPhone,31.5,30,ESP32-C6,-40.5,2025-03-11T15:46:40.921075989Z,36.5
,Ståle  sin iPhone,31.5,30,ESP32-C6,-40.5,2025-03-11T15:46:43.172938689Z,36.5
,Ståle  sin iPhone,31.5,30,ESP32-C6,-40.5,2025-03-11T15:46:45.438897109Z,36.5
,Ståle  sin iPhone,31.5,30,ESP32-C6,-40.5,2025-03-11T15:46:47.798140608Z,36.5
,Ståle  sin iPhone,31.5,30,ESP32-C6,-40.5,2025-03-11T15:46:50.146988203Z,36.5
,Ståle  sin iPhone,31,30,ESP32-C6,-40.5,2025-03-11T15:46:57.103066451Z,36.5
,Ståle  sin iPhone,30.5,30,ESP32-C6,-41,2025-03-11T15:46:59.349694632Z,36.5
,Ståle  sin iPhone,31,30,ESP32-C6,-41,2025-03-11T15:47:01.600885715Z,36.5
,Ståle  sin iPhone,31.5,30,ESP32-C6,-41,2025-03-11T15:47:03.867721743Z,36.5
,Ståle  sin iPhone,31.5,30,ESP32-C6,-41,2025-03-11T15:47:06.110360155Z,36.5
,Ståle  sin iPhone,32,30,ESP32-C6,-41,2025-03-11T15:47:08.553603378Z,36.5
,Ståle  sin iPhone,32,30,ESP32-C6,-41,2025-03-11T15:47:11.132294042Z,36.5
,Ståle  sin iPhone,32,30,ESP32-C6,-41,2025-03-11T15:47:13.512356931Z,36.5
,Ståle  sin iPhone,32,30,ESP32-C6,-41,2025-03-11T15:47:15.980482407Z,36.5
,Ståle  sin iPhone,32,30,ESP32-C6,-41,2025-03-11T15:47:18.308465237Z,36.5
,Ståle  sin iPhone,32,30,ESP32-C6,-41,2025-03-11T15:47:21.06873711Z,36.5
,Ståle  sin iPhone,32,30,ESP32-C6,-41,2025-03-11T15:47:23.313121598Z,36.5
,Ståle  sin iPhone,32.5,30,ESP32-C6,-41,2025-03-11T15:47:25.578877573Z,36.5
,Ståle  sin iPhone,32,30,ESP32-C6,-41,2025-03-11T15:47:28.023341933Z,36.5
,Ståle  sin iPhone,32.5,30,ESP32-C6,-41,2025-03-11T15:47:30.281672139Z,36.5
,Ståle  sin iPhone,32.5,30,ESP32-C6,-41,2025-03-11T15:47:32.523457686Z,36.5
,Ståle  sin iPhone,32.5,30,ESP32-C6,-41.5,2025-03-11T15:47:34.990320819Z,36.5
,Ståle  sin iPhone,32.5,30,ESP32-C6,-41,2025-03-11T15:47:37.247595453Z,36.5
,Ståle  sin iPhone,32.5,30,ESP32-C6,-41.5,2025-03-11T15:47:42.261653889Z,36.5
,Ståle  sin iPhone,32.5,30,ESP32-C6,-41.5,2025-03-11T15:47:44.503903972Z,36.5
,Ståle  sin iPhone,32.5,30,ESP32-C6,-41.5,2025-03-11T15:47:47.072056807Z,36.5
,Ståle  sin iPhone,32.5,30,ESP32-C6,-41.5,2025-03-11T15:47:49.446775636Z,36.5
,Ståle  sin iPhone,32.5,30,ESP32-C6,-41.5,2025-03-11T15:47:51.799781096Z,36.5
,Ståle  sin iPhone,32.5,30,ESP32-C6,-41.5,2025-03-11T15:47:54.350121116Z,36.5
,Ståle  sin iPhone,32.5,30,ESP32-C6,-41.5,2025-03-11T15:47:56.700426576Z,36.5
,Ståle  sin iPhone,32.5,30,ESP32-C6,-41.5,2025-03-11T15:47:59.059685209Z,36.5
,Ståle  sin iPhone,32.5,30,ESP32-C6,-41.5,2025-03-11T15:48:01.307557134Z,36.5
,Ståle  sin iPhone,32.5,30,ESP32-C6,-41.5,2025-03-11T15:48:03.576912086Z,36.5
,Ståle  sin iPhone,32.5,30,ESP32-C6,-41.5,2025-03-11T15:48:05.909885662Z,36.5
,Ståle  sin iPhone,32.5,30,ESP32-C6,-41.5,2025-03-11T15:48:08.160121073Z,36.5
,Ståle  sin iPhone,32.5,30,ESP32-C6,-41.5,2025-03-11T15:48:10.529169921Z,36.5
,Ståle  sin iPhone,32.5,30,ESP32-C6,-41.5,2025-03-11T15:48:15.849727467Z,36.5
,Ståle  sin iPhone,32.5,30,ESP32-C6,-41.5,2025-03-11T15:48:18.293847759Z,36.5
,Ståle  sin iPhone,32.5,30,ESP32-C6,-42,2025-03-11T15:48:20.561631347Z,36.5
,Ståle  sin iPhone,32.5,30,ESP32-C6,-42,2025-03-11T15:48:23.116388027Z,36.5
,Ståle  sin iPhone,32.5,30,ESP32-C6,-42,2025-03-11T15:48:27.304028991Z,36.5
,Ståle  sin iPhone,32.5,30,ESP32-C6,-42,2025-03-11T15:48:29.50666455Z,36.5
,Ståle  sin iPhone,32.5,30,ESP32-C6,-42,2025-03-11T15:48:31.822184824Z,36.5
,Ståle  sin iPhone,32,30,ESP32-C6,-42,2025-03-11T15:48:34.077693239Z,36.5
,Ståle  sin iPhone,32,30,ESP32-C6,-42,2025-03-11T15:48:36.447891112Z,36.5
,Ståle  sin iPhone,32.5,30,ESP32-C6,-42,2025-03-11T15:48:38.883671054Z,36.5
,Ståle  sin iPhone,32,30,ESP32-C6,-42,2025-03-11T15:48:41.133661361Z,36.5
,Ståle  sin iPhone,32.5,30,ESP32-C6,-42,2025-03-11T15:48:43.498565263Z,36.5
,Ståle  sin iPhone,32,30,ESP32-C6,-42,2025-03-11T15:48:45.75801173Z,36.5
,Ståle  sin iPhone,32,30,ESP32-C6,-42,2025-03-11T15:48:48.193895294Z,36.5
,Ståle  sin iPhone,32.5,30,ESP32-C6,-42,2025-03-11T15:48:50.46924995Z,36.5
