core,core2,pipe,water,time
32.0,30.0,-42.0,36.5,11.03.25 15-48-52
32.5,30.0,-42.0,36.5,11.03.25 15-48-55
32.0,30.0,-42.0,36.5,11.03.25 15-48-57
32.0,30.0,-42.5,36.5,11.03.25 15-48-59
32.0,30.0,-42.5,36.5,11.03.25 15-49-02
32.0,30.0,-42.5,36.5,11.03.25 15-49-04
32.0,30.0,-42.5,36.5,11.03.25 15-49-06
32.0,30.0,-42.5,36.5,11.03.25 15-49-08
32.0,30.0,-42.5,36.5,11.03.25 15-49-11
32.0,30.0,-42.5,36.5,11.03.25 15-49-13
32.0,30.0,-42.5,36.5,11.03.25 15-49-15
32.0,30.0,-42.5,36.5,11.03.25 15-49-17
32.0,30.0,-42.5,36.5,11.03.25 15-49-20
32.0,30.0,-42.5,36.5,11.03.25 15-49-22
32.0,30.0,-42.5,36.5,11.03.25 15-49-24
32.0,30.0,-42.5,36.5,11.03.25 15-49-27
32.0,30.0,-42.5,36.5,11.03.25 15-49-29
32.0,30.0,-42.5,36.5,11.03.25 15-49-31
32.0,30.0,-42.5,36.5,11.03.25 15-49-34
32.0,30.0,-42.5,36.5,11.03.25 15-49-36
32.0,30.0,-42.5,36.5,11.03.25 15-49-39
32.0,30.0,-43.0,36.5,11.03.25 15-49-41
32.0,30.0,-43.0,36.5,11.03.25 15-49-43
32.0,30.0,-43.0,36.5,11.03.25 15-49-45
32.0,30.0,-43.0,36.5,11.03.25 15-49-48
32.0,30.0,-43.0,36.5,11.03.25 15-49-50
32.0,30.0,-43.0,36.5,11.03.25 15-49-52
32.0,30.0,-43.0,36.5,11.03.25 15-49-55
32.0,30.0,-43.0,36.5,11.03.25 15-49-57
32.0,30.0,-43.0,36.5,11.03.25 15-50-00
32.0,30.0,-43.0,36.5,11.03.25 15-50-02
32.0,30.0,-42.5,36.5,11.03.25 15-50-04
32.0,30.0,-42.0,36.5,11.03.25 15-50-07
32.0,30.0,-41.5,36.5,11.03.25 15-50-09
32.0,30.0,-40.0,36.5,11.03.25 15-50-11
32.0,30.0,-39.0,36.5,11.03.25 15-50-14
32.0,30.0,-38.0,36.5,11.03.25 15-50-16
32.0,30.0,-37.0,36.5,11.03.25 15-50-21
32.0,30.0,-34.0,36.5,11.03.25 15-50-23
32.0,30.0,-33.5,36.5,11.03.25 15-50-26
32.0,30.0,-32.5,36.5,11.03.25 15-50-28
32.0,30.0,-32.0,36.5,11.03.25 15-50-30
32.0,30.0,-31.0,36.5,11.03.25 15-50-33
32.0,30.0,-30.5,36.5,11.03.25 15-50-35
32.0,30.0,-30.0,36.5,11.03.25 15-50-37
32.0,30.0,-29.5,36.5,11.03.25 15-50-40
32.0,30.0,-29.0,36.5,11.03.25 15-50-42
32.0,30.0,-28.5,36.5,11.03.25 15-50-44
32.0,30.0,-28.0,36.5,11.03.25 15-50-46
32.0,30.0,-27.5,36.5,11.03.25 15-50-49
32.0,30.0,-27.0,36.5,11.03.25 15-50-51
32.0,30.5,-27.0,36.5,11.03.25 15-50-53
32.0,30.0,-26.5,36.5,11.03.25 15-50-56
32.0,30.0,-26.0,36.5,11.03.25 15-50-58
32.0,30.0,-25.5,36.5,11.03.25 15-51-00
32.0,30.0,-25.5,36.5,11.03.25 15-51-02
32.0,30.0,-25.0,36.5,11.03.25 15-51-05
32.0,30.0,-24.5,36.5,11.03.25 15-51-07
32.0,30.0,-24.5,36.5,11.03.25 15-51-09
32.0,30.0,-24.0,36.5,11.03.25 15-51-12
32.0,30.0,-24.0,36.5,11.03.25 15-51-14
32.0,30.0,-23.5,36.5,11.03.25 15-51-16
32.0,30.0,-23.5,36.5,11.03.25 15-51-19
32.0,30.0,-23.0,36.5,11.03.25 15-51-21
32.0,30.0,-23.0,36.5,11.03.25 15-51-26
32.0,30.0,-22.5,36.5,11.03.25 15-51-29
32.0,30.5,-22.0,36.5,11.03.25 15-51-31
32.0,30.0,-22.0,36.5,11.03.25 15-51-33
32.0,30.5,-21.5,36.5,11.03.25 15-51-35
32.0,30.0,-21.5,36.5,11.03.25 15-51-38
32.0,30.5,-21.5,36.5,11.03.25 15-51-40
31.5,30.0,-21.0,36.5,11.03.25 15-51-42
31.5,30.5,-21.0,36.5,11.03.25 15-51-45
32.0,30.0,-21.0,36.5,11.03.25 15-51-47
32.0,30.5,-20.5,36.5,11.03.25 15-51-49
32.0,30.0,-20.5,36.5,11.03.25 15-51-51
32.0,30.5,-20.5,36.5,11.03.25 15-51-54
32.0,30.5,-20.0,36.5,11.03.25 15-51-56
31.5,30.0,-20.0,36.5,11.03.25 15-51-58
32.0,30.0,-20.0,36.5,11.03.25 15-52-00
32.0,30.5,-19.5,36.5,11.03.25 15-52-03
32.0,30.5,-19.5,36.5,11.03.25 15-52-05
31.5,30.5,-19.5,36.5,11.03.25 15-52-07
32.0,30.5,-19.5,36.5,11.03.25 15-52-10
31.5,30.5,-19.0,36.5,11.03.25 15-52-12
31.5,30.5,-19.0,36.5,11.03.25 15-52-14
31.5,30.5,-19.0,36.5,11.03.25 15-52-16
31.5,30.5,-19.0,36.5,11.03.25 15-52-19
31.5,30.5,-18.5,36.5,11.03.25 15-52-21
31.5,30.5,-18.5,36.5,11.03.25 15-52-23
32.0,30.5,-18.5,36.5,11.03.25 15-52-26
31.5,30.5,-18.5,36.0,11.03.25 15-52-28
31.5,30.5,-18.5,36.5,11.03.25 15-52-30
31.5,30.5,-18.0,36.5,11.03.25 15-52-32
31.5,30.5,-18.0,36.5,11.03.25 15-52-35
31.5,30.5,-18.0,36.5,11.03.25 15-52-40
31.5,30.5,-17.5,36.5,11.03.25 15-52-43
31.5,30.5,-17.5,36.5,11.03.25 15-52-45
31.5,30.5,-17.5,36.5,11.03.25 15-52-47
31.5,30.5,-17.5,36.5,11.03.25 15-52-49
31.5,30.5,-17.5,36.5,11.03.25 15-52-52
31.5,30.5,-17.0,36.5,11.03.25 15-52-54
31.5,30.5,-17.0,36.5,11.03.25 15-52-56
31.5,30.5,-17.0,36.5,11.03.25 15-52-58
31.5,30.5,-17.0,36.5,11.03.25 15-53-01
31.5,30.5,-17.0,36.5,11.03.25 15-53-03
31.5,30.5,-17.0,36.5,11.03.25 15-53-06
31.5,30.5,-17.0,36.5,11.03.25 15-53-08
31.5,30.5,-17.0,36.5,11.03.25 15-53-10
31.5,30.5,-16.5,36.5,11.03.25 15-53-12
31.5,30.5,-16.5,36.5,11.03.25 15-53-15
31.5,30.5,-16.5,36.5,11.03.25 15-53-17
31.5,30.5,-16.5,36.5,11.03.25 15-53-19
31.5,30.5,-16.5,36.5,11.03.25 15-53-21
31.5,30.5,-16.5,36.5,11.03.25 15-53-24
31.5,30.5,-16.5,36.0,11.03.25 15-53-26
31.5,30.5,-16.5,36.5,11.03.25 15-53-31
31.5,30.5,-16.0,36.5,11.03.25 15-53-33
31.5,30.5,-16.0,36.5,11.03.25 15-53-39
31.5,30.5,-16.0,36.5,11.03.25 15-53-41
31.5,30.5,-16.0,36.0,11.03.25 15-53-43
31.5,30.5,-16.0,36.0,11.03.25 15-53-45
31.5,30.5,-16.0,36.5,11.03.25 15-53-48
31.5,30.5,-16.0,36.5,11.03.25 15-53-50
31.5,30.5,-16.0,36.5,11.03.25 15-53-52
31.5,30.5,-16.0,36.5,11.03.25 15-53-55
31.5,30.5,-15.5,36.5,11.03.25 15-53-57
31.5,30.5,-15.5,36.5,11.03.25 15-53-59
31.5,30.5,-15.5,36.5,11.03.25 15-54-02
31.5,30.5,-15.5,36.5,11.03.25 15-54-04
31.5,30.5,-15.5,36.5,11.03.25 15-54-06
31.5,30.5,-15.5,36.5,11.03.25 15-54-09
31.5,30.5,-15.5,36.0,11.03.25 15-54-11
31.5,30.5,-15.5,36.5,11.03.25 15-54-13
31.5,30.5,-15.5,36.5,11.03.25 15-54-16
31.5,30.5,-15.5,36.5,11.03.25 15-54-18
31.5,30.5,-15.5,36.5,11.03.25 15-54-20
31.5,30.5,-15.5,36.5,11.03.25 15-54-23
31.5,30.5,-15.5,36.5,11.03.25 15-54-25
31.5,30.5,-15.5,36.5,11.03.25 15-54-27
31.5,30.5,-15.5,36.0,11.03.25 15-54-30
31.5,30.5,-15.5,36.5,11.03.25 15-54-32
31.5,30.5,-15.5,36.0,11.03.25 15-54-34
31.5,30.5,-15.5,36.5,11.03.25 15-54-36
31.5,30.5,-15.5,36.5,11.03.25 15-54-39
31.5,30.5,-15.5,36.0,11.03.25 15-54-41
31.5,30.5,-15.5,36.5,11.03.25 15-54-44
31.5,30.5,-15.5,36.0,11.03.25 15-54-46
31.5,30.5,-15.5,36.0,11.03.25 15-54-48
31.5,30.5,-15.5,36.0,11.03.25 15-54-51
31.5,30.5,-15.0,36.0,11.03.25 15-54-53
31.5,30.5,-15.0,36.5,11.03.25 15-54-55
31.5,30.5,-15.5,36.0,11.03.25 15-54-58
31.5,30.5,-15.5,36.0,11.03.25 15-55-00
31.5,30.5,-15.0,36.0,11.03.25 15-55-02
31.5,30.5,-15.5,36.0,11.03.25 15-55-04
31.5,30.5,-15.0,36.0,11.03.25 15-55-07
31.5,30.5,-15.0,36.0,11.03.25 15-55-09
31.5,30.5,-15.5,36.0,11.03.25 15-55-11
31.5,30.5,-15.5,36.0,11.03.25 15-55-14
31.5,30.5,-15.5,36.0,11.03.25 15-55-16
31.5,30.5,-15.0,36.0,11.03.25 15-55-18
31.5,30.5,-15.5,36.0,11.03.25 15-55-21
31.5,30.5,-15.5,36.0,11.03.25 15-55-23
31.5,30.5,-15.5,36.0,11.03.25 15-55-25
31.5,30.5,-15.0,36.0,11.03.25 15-55-28
31.5,30.5,-15.5,36.0,11.03.25 15-55-30
31.5,30.5,-15.5,36.0,11.03.25 15-55-32
31.5,30.5,-15.5,36.0,11.03.25 15-55-35
31.5,30.5,-15.5,36.0,11.03.25 15-55-37
31.5,30.5,-15.5,36.0,11.03.25 15-55-39
31.5,30.5,-15.5,36.0,11.03.25 15-55-41
31.5,30.5,-15.5,36.0,11.03.25 15-55-44
31.5,30.5,-15.5,36.0,11.03.25 15-55-46
31.5,30.5,-15.5,36.0,11.03.25 15-55-48
31.5,30.5,-15.5,36.0,11.03.25 15-55-51
31.5,30.5,-15.5,36.0,11.03.25 15-55-53
31.5,30.5,-15.5,36.5,11.03.25 15-55-55
31.5,30.5,-15.5,36.0,11.03.25 15-55-58
31.5,30.5,-15.5,36.0,11.03.25 15-56-00
31.5,30.5,-15.5,36.0,11.03.25 15-56-03
31.5,30.5,-15.5,36.0,11.03.25 15-56-05
31.5,30.5,-15.5,36.0,11.03.25 15-56-08
31.5,30.5,-15.5,36.0,11.03.25 15-56-10
31.5,30.5,-15.5,36.0,11.03.25 15-56-12
31.5,30.5,-15.5,36.0,11.03.25 15-56-14
31.5,30.5,-15.5,36.0,11.03.25 15-56-17
31.5,30.5,-15.5,36.0,11.03.25 15-56-19
31.5,30.5,-15.5,36.0,11.03.25 15-56-21
31.5,30.5,-15.5,36.0,11.03.25 15-56-23
31.5,30.5,-15.5,36.0,11.03.25 15-56-26
31.5,30.5,-16.0,36.0,11.03.25 15-56-28
31.5,30.5,-16.0,36.0,11.03.25 15-56-30
31.5,30.5,-16.0,36.0,11.03.25 15-56-33
31.5,30.5,-16.0,36.0,11.03.25 15-56-35
31.5,30.5,-16.0,36.0,11.03.25 15-56-37
31.5,30.5,-16.0,36.0,11.03.25 15-56-39
31.5,30.5,-16.0,36.0,11.03.25 15-56-42
31.5,30.0,-16.0,36.0,11.03.25 15-56-44
31.5,30.0,-16.0,36.0,11.03.25 15-56-46
31.5,30.0,-16.0,36.0,11.03.25 15-56-49
31.5,29.5,-16.0,36.0,11.03.25 15-56-51
31.5,29.5,-16.0,36.0,11.03.25 15-56-53
31.5,29.5,-16.0,36.0,11.03.25 15-56-56
31.5,29.5,-16.0,36.0,11.03.25 15-56-58
31.5,29.0,-16.0,36.0,11.03.25 15-57-00
31.5,29.0,-16.0,36.0,11.03.25 15-57-02
31.5,29.0,-16.5,36.0,11.03.25 15-57-05
31.5,29.0,-16.5,36.0,11.03.25 15-57-07
31.5,28.5,-16.5,36.0,11.03.25 15-57-09
31.5,28.5,-16.5,36.0,11.03.25 15-57-12
31.5,28.5,-16.5,36.0,11.03.25 15-57-14
31.5,28.5,-16.5,36.0,11.03.25 15-57-16
31.5,28.5,-16.5,36.0,11.03.25 15-57-19
31.5,28.0,-16.5,36.0,11.03.25 15-57-22
31.5,28.0,-16.5,36.0,11.03.25 15-57-24
31.5,28.0,-16.5,36.0,11.03.25 15-57-26
31.5,28.0,-16.5,36.0,11.03.25 15-57-29
31.5,28.0,-16.5,36.0,11.03.25 15-57-31
31.5,27.5,-16.5,36.0,11.03.25 15-57-33
31.5,27.5,-17.0,36.0,11.03.25 15-57-35
31.5,27.5,-17.0,36.0,11.03.25 15-57-38
31.5,27.5,-17.0,36.0,11.03.25 15-57-40
31.5,27.5,-17.0,36.0,11.03.25 15-57-42
31.5,27.0,-17.0,36.0,11.03.25 15-57-44
31.5,27.0,-17.0,36.0,11.03.25 15-57-47
31.5,27.0,-17.0,36.0,11.03.25 15-57-49
31.5,27.0,-17.0,36.0,11.03.25 15-57-51
31.5,27.0,-17.0,36.0,11.03.25 15-57-54
31.5,27.0,-17.0,36.0,11.03.25 15-57-56
31.5,27.0,-17.0,36.0,11.03.25 15-57-58
31.5,26.5,-17.5,36.0,11.03.25 15-58-01
31.5,26.5,-17.5,36.0,11.03.25 15-58-03
31.5,26.5,-17.5,36.0,11.03.25 15-58-05
31.5,26.5,-17.5,36.0,11.03.25 15-58-08
31.5,26.5,-17.5,36.0,11.03.25 15-58-10
31.5,26.0,-17.5,36.0,11.03.25 15-58-12
31.5,26.0,-17.5,36.0,11.03.25 15-58-14
31.5,26.0,-17.5,36.0,11.03.25 15-58-17
31.5,26.0,-17.5,36.0,11.03.25 15-58-19
31.5,26.0,-18.0,36.0,11.03.25 15-58-21
31.5,26.0,-18.0,36.0,11.03.25 15-58-23
31.5,25.5,-18.0,36.0,11.03.25 15-58-26
31.5,25.5,-18.0,36.0,11.03.25 15-58-28
31.5,25.5,-18.0,36.0,11.03.25 15-58-31
31.5,25.5,-18.0,36.0,11.03.25 15-58-33
31.5,25.5,-18.0,36.0,11.03.25 15-58-36
31.5,25.5,-18.0,36.0,11.03.25 15-58-38
31.5,25.5,-18.0,36.0,11.03.25 15-58-40
31.5,25.5,-18.0,36.0,11.03.25 15-58-43
31.5,25.5,-18.0,36.0,11.03.25 15-58-45
31.5,25.0,-18.5,36.0,11.03.25 15-58-47
31.5,25.0,-18.5,36.0,11.03.25 15-58-49
31.5,25.0,-18.5,36.0,11.03.25 15-58-52
31.5,25.0,-18.5,36.0,11.03.25 15-58-54
31.5,25.0,-18.5,36.0,11.03.25 15-58-56
31.5,25.0,-18.5,36.0,11.03.25 15-58-59
31.5,25.0,-18.5,36.0,11.03.25 15-59-01
31.5,25.0,-18.5,36.0,11.03.25 15-59-03
31.5,25.0,-19.0,36.0,11.03.25 15-59-06
31.5,25.0,-19.0,36.0,11.03.25 15-59-08
31.5,24.5,-19.0,36.0,11.03.25 15-59-10
31.5,24.5,-19.0,36.0,11.03.25 15-59-13
31.5,24.5,-19.0,36.0,11.03.25 15-59-15
31.5,24.5,-19.0,36.0,11.03.25 15-59-17
31.5,24.5,-19.0,36.0,11.03.25 15-59-20
31.5,24.5,-19.0,36.0,11.03.25 15-59-22
31.5,24.5,-19.0,36.0,11.03.25 15-59-24
31.5,24.5,-19.0,36.0,11.03.25 15-59-27
31.5,24.5,-19.5,36.0,11.03.25 15-59-29
31.5,24.5,-19.5,36.0,11.03.25 15-59-31
31.5,24.5,-19.5,36.0,11.03.25 15-59-33
31.5,24.5,-19.5,36.0,11.03.25 15-59-36
31.5,24.5,-19.5,36.0,11.03.25 15-59-38
31.5,24.0,-19.5,36.0,11.03.25 15-59-40
31.5,24.0,-19.5,36.0,11.03.25 15-59-43
31.5,24.0,-19.5,36.0,11.03.25 15-59-45
31.5,24.0,-19.5,36.0,11.03.25 15-59-47
31.5,24.0,-20.0,36.0,11.03.25 15-59-50
31.5,24.0,-20.0,36.0,11.03.25 15-59-52
31.5,24.0,-20.0,36.0,11.03.25 15-59-54
31.5,24.0,-20.0,36.0,11.03.25 15-59-57
31.5,24.0,-20.0,36.0,11.03.25 15-59-59
31.5,24.0,-20.0,36.0,11.03.25 16-00-02
31.5,24.0,-20.0,36.0,11.03.25 16-00-04
31.5,24.0,-20.5,36.0,11.03.25 16-00-06
31.5,24.0,-20.5,36.0,11.03.25 16-00-08
31.5,24.0,-20.5,36.0,11.03.25 16-00-11
31.5,24.0,-20.5,36.0,11.03.25 16-00-13
31.5,24.0,-20.5,36.0,11.03.25 16-00-16
31.5,24.0,-20.5,36.0,11.03.25 16-00-18
31.5,23.5,-20.5,36.0,11.03.25 16-00-20
31.5,23.5,-20.5,36.0,11.03.25 16-00-23
31.5,23.5,-21.0,36.0,11.03.25 16-00-25
31.5,23.5,-21.0,36.0,11.03.25 16-00-28
31.5,23.5,-21.0,36.0,11.03.25 16-00-30
31.5,23.5,-21.0,36.0,11.03.25 16-00-33
31.5,23.5,-21.0,36.0,11.03.25 16-00-35
31.5,23.5,-21.0,36.0,11.03.25 16-00-37
31.5,23.5,-21.0,36.0,11.03.25 16-00-43
31.5,23.5,-21.5,36.0,11.03.25 16-00-45
31.5,23.5,-21.5,36.0,11.03.25 16-00-47
31.5,23.5,-21.5,36.0,11.03.25 16-00-50
31.5,23.5,-21.5,36.0,11.03.25 16-00-52
31.5,23.5,-21.5,36.0,11.03.25 16-00-54
31.5,23.5,-21.5,36.0,11.03.25 16-00-56
31.5,23.5,-21.5,36.0,11.03.25 16-00-59
31.5,23.5,-21.5,36.0,11.03.25 16-01-01
31.5,23.5,-22.0,36.0,11.03.25 16-01-03
31.5,23.5,-22.0,36.0,11.03.25 16-01-06
31.5,23.5,-22.0,36.0,11.03.25 16-01-08
31.5,23.5,-22.0,36.0,11.03.25 16-01-10
31.5,23.5,-22.0,36.0,11.03.25 16-01-13
31.5,23.5,-22.0,36.0,11.03.25 16-01-15
31.5,23.5,-22.0,36.0,11.03.25 16-01-17
31.5,23.5,-22.0,36.0,11.03.25 16-01-20
31.5,23.5,-22.5,36.0,11.03.25 16-01-22
31.5,23.5,-22.5,36.0,11.03.25 16-01-24
31.5,23.5,-22.5,36.0,11.03.25 16-01-27
31.5,23.5,-22.5,36.0,11.03.25 16-01-29
31.5,23.5,-22.5,36.0,11.03.25 16-01-31
31.5,23.5,-22.5,36.0,11.03.25 16-01-34
31.5,23.5,-22.5,36.0,11.03.25 16-01-36
31.5,23.5,-22.5,36.0,11.03.25 16-01-38
31.5,23.5,-23.0,36.0,11.03.25 16-01-41
31.5,23.5,-23.0,36.0,11.03.25 16-01-43
31.5,23.5,-23.0,36.0,11.03.25 16-01-45
31.5,23.5,-23.0,36.0,11.03.25 16-01-48
31.5,23.5,-23.0,36.0,11.03.25 16-01-53
31.5,23.5,-23.0,36.0,11.03.25 16-01-55
31.5,23.5,-23.0,36.0,11.03.25 16-01-57
31.5,23.5,-23.5,36.0,11.03.25 16-01-59
31.5,23.5,-23.5,36.0,11.03.25 16-02-02
31.0,23.5,-23.5,36.0,11.03.25 16-02-04
31.5,23.5,-23.5,36.0,11.03.25 16-02-06
31.5,23.5,-23.5,36.0,11.03.25 16-02-09
31.5,23.5,-23.5,36.0,11.03.25 16-02-11
31.5,23.5,-23.5,36.0,11.03.25 16-02-14
31.5,23.5,-24.0,36.0,11.03.25 16-02-19
31.5,23.5,-24.0,36.0,11.03.25 16-02-21
31.5,23.5,-24.0,36.0,11.03.25 16-02-24
31.5,23.5,-24.0,36.0,11.03.25 16-02-26
31.5,23.5,-24.0,36.0,11.03.25 16-02-28
31.5,23.5,-24.0,36.0,11.03.25 16-02-30
31.5,23.5,-24.0,36.0,11.03.25 16-02-33
31.5,23.5,-24.5,36.0,11.03.25 16-02-35
31.5,23.5,-24.5,36.0,11.03.25 16-02-37
31.5,23.5,-24.5,36.0,11.03.25 16-02-39
31.5,23.5,-24.5,36.0,11.03.25 16-02-42
31.5,23.5,-24.5,36.0,11.03.25 16-02-44
31.5,23.5,-24.5,36.0,11.03.25 16-02-47
31.5,23.5,-24.5,36.0,11.03.25 16-02-49
31.5,23.5,-24.5,36.0,11.03.25 16-02-52
31.5,23.5,-25.0,36.0,11.03.25 16-02-55
31.5,23.5,-25.0,36.0,11.03.25 16-02-57
31.5,23.5,-25.0,36.0,11.03.25 16-03-00
31.5,23.5,-25.0,36.0,11.03.25 16-03-02
31.5,23.5,-25.0,36.0,11.03.25 16-03-05
31.5,23.5,-25.0,36.0,11.03.25 16-03-07
31.0,23.5,-25.0,36.0,11.03.25 16-03-09
31.5,23.5,-25.5,36.0,11.03.25 16-03-12
31.5,23.5,-25.5,36.0,11.03.25 16-03-14
31.5,23.5,-25.5,36.0,11.03.25 16-03-17
31.5,23.5,-25.5,36.0,11.03.25 16-03-19
31.5,23.5,-25.5,36.0,11.03.25 16-03-21
31.0,23.5,-25.5,36.0,11.03.25 16-03-24
31.5,23.5,-25.5,36.0,11.03.25 16-03-26
31.5,23.5,-25.5,36.0,11.03.25 16-03-28
31.5,23.5,-25.5,36.0,11.03.25 16-03-31
31.5,23.5,-26.0,36.0,11.03.25 16-03-33
31.5,23.5,-26.0,36.0,11.03.25 16-03-35
31.0,23.5,-26.0,36.0,11.03.25 16-03-38
31.5,23.5,-26.0,36.0,11.03.25 16-03-40
31.5,23.5,-26.0,36.0,11.03.25 16-03-42
31.0,23.5,-26.0,36.0,11.03.25 16-03-45
31.0,23.5,-26.0,36.0,11.03.25 16-03-47
31.5,23.5,-26.0,36.0,11.03.25 16-03-49
31.0,23.5,-26.5,36.0,11.03.25 16-03-52
31.5,23.5,-26.5,36.0,11.03.25 16-03-54
31.5,23.5,-26.5,36.0,11.03.25 16-03-57
31.0,23.5,-26.5,36.0,11.03.25 16-04-01
31.0,23.5,-26.5,36.0,11.03.25 16-04-05
31.5,23.5,-26.5,36.0,11.03.25 16-04-08
31.0,23.5,-27.0,36.0,11.03.25 16-04-11
31.5,23.5,-27.0,36.0,11.03.25 16-04-13
31.0,23.5,-27.0,36.0,11.03.25 16-04-15
31.0,23.5,-27.0,36.0,11.03.25 16-04-18
31.0,23.5,-27.0,36.0,11.03.25 16-04-20
31.0,23.5,-27.0,36.0,11.03.25 16-04-23
30.5,23.5,-27.0,36.0,11.03.25 16-04-25
30.5,23.5,-27.5,36.0,11.03.25 16-04-28
30.5,23.5,-27.5,36.0,11.03.25 16-04-30
30.0,23.5,-27.5,36.0,11.03.25 16-04-33
30.0,23.5,-27.5,36.0,11.03.25 16-04-35
30.0,23.5,-27.5,36.0,11.03.25 16-04-37
30.0,23.5,-27.5,36.0,11.03.25 16-04-40
29.5,23.5,-27.5,36.0,11.03.25 16-04-42
29.5,23.5,-28.0,36.0,11.03.25 16-04-45
29.5,23.0,-28.0,36.0,11.03.25 16-04-47
29.5,23.5,-28.0,36.0,11.03.25 16-04-50
29.0,23.5,-28.0,35.5,11.03.25 16-04-52
29.0,23.5,-28.0,36.0,11.03.25 16-04-55
29.0,23.5,-28.0,36.0,11.03.25 16-05-00
29.0,23.5,-28.0,36.0,11.03.25 16-05-03
28.5,23.5,-28.5,36.0,11.03.25 16-05-07
28.5,23.5,-28.5,36.0,11.03.25 16-05-14
28.0,24.0,-28.5,36.0,11.03.25 16-05-20
28.0,24.0,-28.5,36.0,11.03.25 16-05-22
28.0,24.0,-29.0,36.0,11.03.25 16-05-25
28.0,24.0,-29.0,36.0,11.03.25 16-05-27
28.0,24.0,-29.0,36.0,11.03.25 16-05-30
28.0,24.0,-29.0,36.0,11.03.25 16-05-32
28.0,24.0,-29.0,36.0,11.03.25 16-05-34
28.0,24.0,-29.0,36.0,11.03.25 16-05-37
27.5,24.0,-29.0,36.0,11.03.25 16-05-39
27.5,24.0,-29.0,36.0,11.03.25 16-05-41
27.5,24.0,-29.5,36.0,11.03.25 16-05-44
27.5,24.0,-29.5,36.0,11.03.25 16-05-46
27.5,24.0,-29.5,36.0,11.03.25 16-05-48
27.5,24.0,-29.5,36.0,11.03.25 16-05-51
27.5,24.0,-29.5,36.0,11.03.25 16-05-53
27.0,24.0,-29.5,36.0,11.03.25 16-05-55
27.0,24.0,-29.5,36.0,11.03.25 16-05-57
27.0,24.0,-29.5,36.0,11.03.25 16-06-00
27.0,24.0,-30.0,36.0,11.03.25 16-06-02
27.0,24.0,-30.0,36.0,11.03.25 16-06-04
27.0,24.0,-30.0,35.5,11.03.25 16-06-07
27.0,24.0,-30.0,35.5,11.03.25 16-06-09
27.0,24.0,-30.0,35.5,11.03.25 16-06-11
27.0,24.0,-30.0,36.0,11.03.25 16-06-14
27.0,24.0,-30.0,35.5,11.03.25 16-06-16
32.5,33.5,-43.0,37.5,11.03.25 15-30-41
32.5,33.5,-43.0,37.0,11.03.25 15-30-42
32.5,33.5,-42.5,37.0,11.03.25 15-30-43
32.5,33.5,-42.5,37.5,11.03.25 15-30-44
32.5,33.5,-42.5,37.0,11.03.25 15-30-45
32.5,33.5,-42.5,37.5,11.03.25 15-30-47
32.5,33.5,-42.5,37.0,11.03.25 15-30-50
23.0,23.5,23.0,23.0,11.03.25 14-30-44
23.0,23.5,23.0,23.0,11.03.25 14-30-46
23.0,23.5,23.0,23.0,11.03.25 14-30-48
23.0,23.5,23.0,23.0,11.03.25 14-30-51
23.0,23.5,23.5,23.0,11.03.25 14-30-54
23.0,23.5,23.5,23.0,11.03.25 14-30-56
23.0,23.5,23.0,23.0,11.03.25 14-30-59
23.0,23.5,23.5,23.0,11.03.25 14-31-01
23.0,23.5,23.5,23.0,11.03.25 14-31-04
23.0,23.5,23.5,23.0,11.03.25 14-31-06
23.0,23.5,23.5,23.0,11.03.25 14-31-08
23.0,23.5,23.5,23.0,11.03.25 14-31-11
23.0,23.5,23.5,23.0,11.03.25 14-31-13
23.0,23.5,23.5,23.0,11.03.25 14-31-15
23.0,23.5,23.5,23.0,11.03.25 14-31-17
23.0,23.5,23.5,23.0,11.03.25 14-31-20
23.0,23.5,23.5,23.0,11.03.25 14-31-22
23.0,23.5,23.5,23.0,11.03.25 14-31-25
23.0,23.5,23.5,23.0,11.03.25 14-31-27
23.0,23.5,23.5,23.0,11.03.25 14-31-29
23.0,23.0,23.5,23.0,11.03.25 14-31-32
23.0,23.5,23.5,23.0,11.03.25 14-31-34
23.0,23.0,23.5,23.0,11.03.25 14-31-36
23.0,23.5,24.0,23.0,11.03.25 14-31-39
23.0,23.0,24.0,23.0,11.03.25 14-31-41
23.0,23.5,24.0,23.0,11.03.25 14-31-44
23.0,23.5,24.0,23.0,11.03.25 14-31-46
23.0,23.5,24.5,23.0,11.03.25 14-31-51
23.0,23.0,24.5,23.0,11.03.25 14-31-53
23.0,23.0,24.5,23.0,11.03.25 14-31-56
23.0,23.0,24.5,23.0,11.03.25 14-31-58
23.0,23.0,24.0,23.0,11.03.25 14-32-00
23.0,23.5,24.0,23.0,11.03.25 14-32-03
23.0,23.0,23.5,23.0,11.03.25 14-32-05
23.0,23.0,23.0,23.0,11.03.25 14-32-09
23.0,23.0,22.5,23.0,11.03.25 14-32-11
23.0,23.0,22.0,23.0,11.03.25 14-32-13
23.0,23.0,21.5,23.0,11.03.25 14-32-15
23.0,23.0,21.0,23.0,11.03.25 14-32-18
23.0,23.0,21.0,23.0,11.03.25 14-32-20
23.0,23.0,20.5,26.5,11.03.25 14-32-22
23.0,23.0,20.0,30.5,11.03.25 14-32-25
23.0,23.0,19.5,33.0,11.03.25 14-32-27
22.5,23.0,19.0,34.5,11.03.25 14-32-29
23.0,23.0,18.5,36.0,11.03.25 14-32-32
22.5,23.0,18.5,37.0,11.03.25 14-32-34
22.5,23.0,18.0,37.5,11.03.25 14-32-36
23.0,23.0,17.5,38.0,11.03.25 14-32-38
22.5,23.0,17.0,38.5,11.03.25 14-32-41
23.0,23.0,16.5,39.0,11.03.25 14-32-43
23.0,23.0,16.5,39.0,11.03.25 14-32-45
22.5,23.0,16.0,39.5,11.03.25 14-32-48
23.0,23.0,15.5,39.5,11.03.25 14-32-50
22.5,23.0,15.0,39.5,11.03.25 14-32-53
22.5,23.0,14.5,40.0,11.03.25 14-32-56
22.5,23.0,14.0,40.0,11.03.25 14-32-58
22.5,23.0,13.5,40.0,11.03.25 14-33-01
22.5,23.0,13.5,40.0,11.03.25 14-33-03
22.5,23.0,13.0,40.5,11.03.25 14-33-06
22.5,23.0,12.5,40.5,11.03.25 14-33-08
23.0,23.0,12.0,40.5,11.03.25 14-33-10
22.5,23.0,11.5,40.5,11.03.25 14-33-13
23.0,23.0,11.0,40.5,11.03.25 14-33-15
22.5,23.0,11.0,40.5,11.03.25 14-33-18
23.0,23.0,10.5,40.5,11.03.25 14-33-20
22.5,23.0,10.0,40.5,11.03.25 14-33-22
22.5,23.0,9.5,40.5,11.03.25 14-33-25
22.5,23.0,9.5,40.5,11.03.25 14-33-27
22.5,23.0,9.0,40.5,11.03.25 14-33-29
22.5,23.0,8.5,40.5,11.03.25 14-33-32
22.5,23.0,8.0,40.5,11.03.25 14-33-34
22.5,23.0,8.0,40.5,11.03.25 14-33-37
22.5,23.0,7.5,40.5,11.03.25 14-33-39
22.5,23.0,7.0,41.0,11.03.25 14-33-41
22.5,23.0,7.0,40.5,11.03.25 14-33-44
22.5,23.0,6.5,40.5,11.03.25 14-33-46
22.5,23.0,6.0,41.0,11.03.25 14-33-48
22.5,23.0,5.5,41.0,11.03.25 14-33-50
22.5,23.0,5.5,41.0,11.03.25 14-33-53
22.5,23.0,5.0,40.5,11.03.25 14-33-55
22.5,23.0,5.0,41.0,11.03.25 14-33-57
22.5,23.0,4.5,40.5,11.03.25 14-34-00
22.5,23.0,4.0,41.0,11.03.25 14-34-02
22.5,23.0,3.5,41.0,11.03.25 14-34-04
22.5,23.0,3.5,41.0,11.03.25 14-34-06
22.5,23.0,3.0,41.0,11.03.25 14-34-09
22.5,23.0,3.0,40.5,11.03.25 14-34-11
22.5,23.0,2.5,41.0,11.03.25 14-34-13
22.5,23.0,2.0,41.0,11.03.25 14-34-16
22.5,23.0,2.0,41.0,11.03.25 14-34-21
22.5,23.0,1.0,41.0,11.03.25 14-34-23
22.5,23.0,1.0,40.5,11.03.25 14-34-25
22.5,23.0,0.5,41.0,11.03.25 14-34-28
22.5,23.0,0.0,41.0,11.03.25 14-34-30
22.5,23.0,0.0,41.0,11.03.25 14-34-33
22.5,23.0,-0.5,41.0,11.03.25 14-34-35
22.5,23.0,-1.0,41.0,11.03.25 14-34-38
22.5,23.0,-1.0,41.0,11.03.25 14-34-40
22.5,23.0,-1.5,41.0,11.03.25 14-34-42
22.5,23.0,-2.0,41.0,11.03.25 14-34-45
22.5,23.0,-2.0,41.0,11.03.25 14-34-47
22.5,23.0,-2.5,41.0,11.03.25 14-34-49
22.5,23.0,-2.5,41.0,11.03.25 14-34-52
22.5,23.0,-3.0,41.0,11.03.25 14-34-54
22.5,23.0,-3.0,41.0,11.03.25 14-34-56
22.5,23.0,-3.5,41.0,11.03.25 14-34-59
22.5,23.0,-4.0,41.0,11.03.25 14-35-01
22.5,23.0,-4.0,41.0,11.03.25 14-35-03
22.5,23.0,-4.5,41.0,11.03.25 14-35-06
22.5,23.0,-4.5,41.0,11.03.25 14-35-08
22.5,23.0,-5.0,41.0,11.03.25 14-35-10
22.5,23.0,-5.0,41.0,11.03.25 14-35-13
22.5,23.0,-5.5,41.0,11.03.25 14-35-15
22.5,23.0,-6.0,41.0,11.03.25 14-35-17
22.5,23.0,-6.0,41.0,11.03.25 14-35-20
22.5,23.0,-6.5,41.0,11.03.25 14-35-22
22.5,23.0,-6.5,41.0,11.03.25 14-35-24
22.5,23.0,-7.0,41.0,11.03.25 14-35-26
22.5,23.0,-7.0,41.0,11.03.25 14-35-29
22.5,23.0,-7.5,41.0,11.03.25 14-35-31
22.5,23.0,-7.5,41.0,11.03.25 14-35-34
22.5,23.0,-8.0,41.0,11.03.25 14-35-36
22.5,23.0,-8.0,41.0,11.03.25 14-35-38
22.5,23.0,-8.5,41.0,11.03.25 14-35-40
22.5,23.0,-9.0,41.0,11.03.25 14-35-43
22.5,23.0,-9.0,41.0,11.03.25 14-35-45
22.5,23.0,-9.5,41.0,11.03.25 14-35-48
22.5,23.0,-9.5,41.0,11.03.25 14-35-50
22.5,23.0,-9.5,41.0,11.03.25 14-35-52
22.5,23.0,-10.0,41.0,11.03.25 14-35-55
22.5,23.0,-10.0,41.0,11.03.25 14-35-57
22.5,23.0,-10.5,41.0,11.03.25 14-35-59
22.5,23.0,-10.5,41.0,11.03.25 14-36-02
22.5,23.0,-11.0,41.0,11.03.25 14-36-04
22.5,23.0,-11.0,41.0,11.03.25 14-36-06
22.5,23.0,-11.5,41.0,11.03.25 14-36-09
22.5,23.0,-11.5,41.0,11.03.25 14-36-11
22.5,23.0,-12.0,41.0,11.03.25 14-36-13
22.5,23.0,-12.0,41.0,11.03.25 14-36-15
22.5,23.0,-12.5,41.0,11.03.25 14-36-18
22.5,23.0,-12.5,41.0,11.03.25 14-36-20
22.5,23.0,-13.0,41.0,11.03.25 14-36-22
22.5,23.0,-13.0,41.0,11.03.25 14-36-25
22.5,23.0,-13.5,41.0,11.03.25 14-36-27
22.5,23.0,-13.5,41.0,11.03.25 14-36-29
22.5,23.0,-14.0,41.0,11.03.25 14-36-31
22.5,23.0,-14.0,41.0,11.03.25 14-36-34
22.5,23.0,-14.5,41.0,11.03.25 14-36-37
22.5,23.0,-14.5,41.0,11.03.25 14-36-40
22.5,23.0,-15.0,41.0,11.03.25 14-36-42
22.5,23.0,-15.0,41.0,11.03.25 14-36-44
22.5,23.0,-15.5,41.0,11.03.25 14-36-47
22.5,23.0,-15.5,41.0,11.03.25 14-36-49
22.5,23.0,-16.0,41.0,11.03.25 14-36-51
22.5,23.0,-16.0,41.0,11.03.25 14-36-53
22.5,23.0,-16.5,41.0,11.03.25 14-36-56
22.5,23.0,-16.5,41.0,11.03.25 14-36-58
22.5,23.0,-17.0,41.0,11.03.25 14-37-00
22.5,23.0,-17.0,41.0,11.03.25 14-37-03
22.5,23.0,-17.0,41.0,11.03.25 14-37-05
22.5,23.0,-17.5,41.0,11.03.25 14-37-07
22.5,23.0,-17.5,41.0,11.03.25 14-37-10
22.5,23.0,-18.0,41.0,11.03.25 14-37-12
22.5,23.0,-18.0,41.0,11.03.25 14-37-15
22.5,23.0,-18.5,41.0,11.03.25 14-37-17
22.5,23.0,-18.5,41.0,11.03.25 14-37-19
22.5,23.0,-19.0,41.0,11.03.25 14-37-22
22.5,23.0,-19.0,41.0,11.03.25 14-37-27
22.5,23.0,-19.5,41.0,11.03.25 14-37-29
22.5,23.0,-19.5,40.5,11.03.25 14-37-31
22.5,23.0,-20.0,41.0,11.03.25 14-37-37
22.5,23.0,-20.5,40.5,11.03.25 14-37-39
22.5,23.0,-20.5,41.0,11.03.25 14-37-41
22.5,23.0,-21.0,40.5,11.03.25 14-37-44
22.5,23.0,-21.0,40.5,11.03.25 14-37-46
22.5,23.0,-21.0,40.5,11.03.25 14-37-49
22.5,23.0,-21.5,40.5,11.03.25 14-37-51
22.5,23.0,-21.5,40.5,11.03.25 14-37-53
22.5,23.0,-22.0,40.5,11.03.25 14-37-56
22.5,23.0,-22.0,40.5,11.03.25 14-37-58
22.5,23.0,-22.0,41.0,11.03.25 14-38-00
22.5,23.0,-22.5,40.5,11.03.25 14-38-03
22.5,23.0,-22.5,40.5,11.03.25 14-38-05
22.5,23.0,-23.0,40.5,11.03.25 14-38-07
22.5,23.0,-23.0,40.5,11.03.25 14-38-10
22.5,23.0,-23.5,40.5,11.03.25 14-38-12
22.5,23.0,-23.5,40.5,11.03.25 14-38-14
22.5,23.0,-23.5,40.5,11.03.25 14-38-16
22.5,23.0,-24.0,40.5,11.03.25 14-38-19
22.5,23.0,-24.0,40.5,11.03.25 14-38-21
22.5,23.0,-24.0,40.5,11.03.25 14-38-23
22.5,23.0,-24.5,40.5,11.03.25 14-38-26
22.5,23.0,-24.5,40.5,11.03.25 14-38-28
22.5,23.0,-25.0,40.5,11.03.25 14-38-30
22.5,23.0,-25.0,40.5,11.03.25 14-38-33
22.5,23.0,-25.0,40.5,11.03.25 14-38-35
22.5,23.0,-25.5,40.5,11.03.25 14-38-37
22.5,23.0,-25.5,40.5,11.03.25 14-38-40
22.5,23.0,-25.5,40.5,11.03.25 14-38-42
22.5,23.0,-26.0,40.5,11.03.25 14-38-44
22.5,23.0,-26.0,40.5,11.03.25 14-38-47
22.5,23.0,-26.0,40.5,11.03.25 14-38-49
22.5,23.0,-26.5,40.5,11.03.25 14-38-51
22.5,23.0,-26.5,40.5,11.03.25 14-38-54
22.5,23.0,-27.0,40.5,11.03.25 14-38-56
22.5,23.0,-27.0,40.5,11.03.25 14-38-59
22.5,23.0,-27.0,40.5,11.03.25 14-39-01
22.5,23.0,-27.5,40.5,11.03.25 14-39-03
22.5,23.0,-27.5,40.5,11.03.25 14-39-06
22.5,23.0,-27.5,40.5,11.03.25 14-39-08
22.5,23.0,-28.0,40.5,11.03.25 14-39-13
22.5,23.0,-28.0,40.5,11.03.25 14-39-15
22.5,23.0,-28.5,40.5,11.03.25 14-39-17
22.5,23.0,-28.5,41.0,11.03.25 14-39-20
22.5,23.0,-28.5,40.5,11.03.25 14-39-22
22.5,23.0,-29.0,40.5,11.03.25 14-39-24
22.5,23.0,-29.0,41.0,11.03.25 14-39-27
22.5,23.0,-29.0,41.0,11.03.25 14-39-29
22.5,23.0,-29.5,40.5,11.03.25 14-39-31
22.5,23.0,-29.5,40.5,11.03.25 14-39-34
22.5,23.0,-29.5,40.5,11.03.25 14-39-36
22.5,23.0,-30.0,41.0,11.03.25 14-39-38
22.5,23.0,-30.0,41.0,11.03.25 14-39-41
22.5,23.0,-30.5,40.5,11.03.25 14-39-43
22.5,23.0,-30.5,41.0,11.03.25 14-39-46
22.5,23.0,-30.5,40.5,11.03.25 14-39-48
22.5,23.0,-31.0,40.5,11.03.25 14-39-50
22.5,23.0,-31.0,40.5,11.03.25 14-39-53
22.5,23.0,-31.0,40.5,11.03.25 14-39-55
22.5,23.0,-31.0,40.5,11.03.25 14-39-57
22.5,23.0,-31.5,40.5,11.03.25 14-39-59
22.5,23.0,-31.5,40.5,11.03.25 14-40-02
23.0,23.0,-31.5,40.5,11.03.25 14-40-04
23.0,23.0,-32.0,40.5,11.03.25 14-40-06
23.0,23.0,-32.0,40.5,11.03.25 14-40-09
23.5,23.0,-32.0,40.5,11.03.25 14-40-11
23.5,23.0,-32.5,40.5,11.03.25 14-40-13
23.0,23.0,-32.5,40.5,11.03.25 14-40-16
23.0,23.0,-32.5,40.5,11.03.25 14-40-18
23.0,23.5,-33.0,40.5,11.03.25 14-40-20
22.5,23.5,-33.0,40.5,11.03.25 14-40-23
22.5,24.0,-33.0,40.5,11.03.25 14-40-25
22.0,24.0,-33.5,40.5,11.03.25 14-40-27
22.0,24.5,-33.5,40.5,11.03.25 14-40-30
22.0,24.5,-33.5,40.5,11.03.25 14-40-32
22.0,24.5,-33.5,40.5,11.03.25 14-40-34
22.0,24.5,-34.0,40.5,11.03.25 14-40-36
21.5,24.5,-34.0,40.5,11.03.25 14-40-39
21.5,24.5,-34.0,40.5,11.03.25 14-40-41
21.5,24.0,-34.5,40.5,11.03.25 14-40-43
21.5,23.5,-34.5,40.5,11.03.25 14-40-46
21.5,23.0,-34.5,40.5,11.03.25 14-40-48
21.5,22.0,-35.0,40.5,11.03.25 14-40-50
21.5,21.5,-35.0,40.5,11.03.25 14-40-53
21.5,21.5,-35.0,40.5,11.03.25 14-40-55
21.5,21.0,-35.0,40.5,11.03.25 14-40-57
21.5,21.0,-35.5,40.5,11.03.25 14-41-00
21.5,20.5,-35.5,40.5,11.03.25 14-41-02
21.5,20.5,-35.5,40.5,11.03.25 14-41-04
21.5,20.5,-36.0,40.5,11.03.25 14-41-07
21.5,20.5,-36.0,40.5,11.03.25 14-41-09
21.5,20.5,-36.0,40.5,11.03.25 14-41-11
21.5,20.0,-36.0,40.5,11.03.25 14-41-13
21.5,20.5,-36.5,40.5,11.03.25 14-41-16
21.5,20.5,-36.5,40.5,11.03.25 14-41-18
21.5,20.5,-36.5,40.5,11.03.25 14-41-21
21.5,20.5,-36.5,40.5,11.03.25 14-41-23
21.5,20.5,-37.0,40.5,11.03.25 14-41-25
21.5,20.5,-37.0,40.5,11.03.25 14-41-28
21.5,20.5,-37.0,40.5,11.03.25 14-41-30
21.5,20.5,-37.5,40.5,11.03.25 14-41-32
21.5,20.5,-37.5,40.5,11.03.25 14-41-35
21.5,20.5,-37.5,40.5,11.03.25 14-41-37
21.5,20.5,-37.5,40.5,11.03.25 14-41-39
21.5,20.5,-38.0,40.5,11.03.25 14-41-42
21.5,20.5,-38.0,40.5,11.03.25 14-41-44
21.5,20.5,-38.0,40.5,11.03.25 14-41-46
21.5,21.0,-38.0,40.5,11.03.25 14-41-49
21.5,21.0,-38.5,40.5,11.03.25 14-41-51
21.5,21.0,-38.5,40.5,11.03.25 14-41-54
21.5,21.0,-38.5,40.5,11.03.25 14-41-56
21.5,21.0,-39.0,40.5,11.03.25 14-41-58
21.5,21.0,-39.0,40.5,11.03.25 14-42-01
21.5,21.0,-39.0,40.5,11.03.25 14-42-03
21.5,21.0,-39.0,40.5,11.03.25 14-42-05
21.5,21.5,-39.0,40.5,11.03.25 14-42-08
21.5,21.5,-39.5,40.5,11.03.25 14-42-10
21.5,21.5,-39.5,40.5,11.03.25 14-42-12
21.5,21.5,-39.5,40.5,11.03.25 14-42-14
21.5,21.5,-40.0,40.5,11.03.25 14-42-17
21.5,21.5,-40.0,40.5,11.03.25 14-42-19
21.5,21.5,-40.0,40.5,11.03.25 14-42-21
21.5,22.0,-40.0,40.5,11.03.25 14-42-24
21.5,22.0,-40.5,40.5,11.03.25 14-42-26
22.0,22.0,-40.5,40.5,11.03.25 14-42-28
22.0,22.0,-40.5,40.5,11.03.25 14-42-30
22.0,22.0,-40.5,40.5,11.03.25 14-42-33
22.0,22.0,-41.0,40.5,11.03.25 14-42-35
22.0,22.0,-41.0,40.5,11.03.25 14-42-37
22.0,22.0,-41.0,40.5,11.03.25 14-42-43
22.0,22.5,-41.5,40.5,11.03.25 14-42-45
22.0,22.5,-41.5,40.0,11.03.25 14-42-47
22.0,22.5,-41.5,40.0,11.03.25 14-42-50
22.0,22.5,-41.5,40.0,11.03.25 14-42-52
22.0,22.5,-42.0,40.0,11.03.25 14-42-55
22.0,22.5,-42.0,40.0,11.03.25 14-42-57
22.0,22.5,-42.0,40.0,11.03.25 14-43-00
22.0,23.0,-42.0,40.0,11.03.25 14-43-02
22.0,23.0,-42.5,40.0,11.03.25 14-43-04
22.0,23.0,-42.5,40.0,11.03.25 14-43-07
22.0,23.0,-42.5,40.0,11.03.25 14-43-09
22.5,23.0,-42.5,40.0,11.03.25 14-43-11
22.5,23.0,-42.5,40.0,11.03.25 14-43-14
22.5,23.0,-43.0,40.0,11.03.25 14-43-16
22.5,23.0,-43.0,40.0,11.03.25 14-43-18
22.5,23.0,-43.0,40.0,11.03.25 14-43-21
22.5,23.5,-43.0,40.0,11.03.25 14-43-23
22.5,23.0,-43.5,40.0,11.03.25 14-43-25
22.5,23.5,-43.5,40.0,11.03.25 14-43-28
22.5,23.5,-43.5,40.0,11.03.25 14-43-30
22.5,23.5,-43.5,40.0,11.03.25 14-43-32
22.5,23.5,-43.5,40.0,11.03.25 14-43-34
22.5,23.5,-44.0,40.0,11.03.25 14-43-37
22.5,23.5,-44.0,40.0,11.03.25 14-43-39
22.5,23.5,-44.0,40.0,11.03.25 14-43-41
22.5,24.0,-44.0,40.0,11.03.25 14-43-44
22.5,24.0,-44.5,40.0,11.03.25 14-43-46
23.0,24.0,-44.5,40.0,11.03.25 14-43-48
23.0,24.0,-44.5,40.0,11.03.25 14-43-51
23.0,24.0,-44.5,40.0,11.03.25 14-43-56
23.0,24.0,-45.0,40.0,11.03.25 14-43-58
23.0,24.0,-45.0,40.0,11.03.25 14-44-00
23.0,24.0,-45.0,40.0,11.03.25 14-44-03
23.0,24.0,-45.0,40.0,11.03.25 14-44-05
23.0,24.0,-45.0,40.0,11.03.25 14-44-07
23.0,24.5,-45.5,40.0,11.03.25 14-44-09
23.0,24.5,-45.5,40.0,11.03.25 14-44-12
23.0,24.5,-45.5,40.0,11.03.25 14-44-14
23.0,24.5,-45.5,40.0,11.03.25 14-44-16
23.0,24.5,-45.5,40.0,11.03.25 14-44-19
23.0,24.5,-46.0,40.0,11.03.25 14-44-21
23.5,24.5,-46.0,40.0,11.03.25 14-44-23
23.5,24.5,-46.0,40.0,11.03.25 14-44-26
23.5,24.5,-46.0,40.0,11.03.25 14-44-28
23.5,24.5,-46.5,40.0,11.03.25 14-44-30
23.5,24.5,-46.5,40.0,11.03.25 14-44-32
23.5,25.0,-46.5,40.0,11.03.25 14-44-35
23.5,25.0,-46.5,40.0,11.03.25 14-44-37
23.5,25.0,-46.5,40.0,11.03.25 14-44-39
23.5,25.0,-47.0,40.0,11.03.25 14-44-42
23.5,25.0,-47.0,40.0,11.03.25 14-44-44
23.5,25.0,-47.0,40.0,11.03.25 14-44-46
23.5,25.0,-47.0,40.0,11.03.25 14-44-49
23.5,25.0,-47.0,40.0,11.03.25 14-44-51
23.5,25.0,-47.0,40.0,11.03.25 14-44-56
23.5,25.5,-47.5,40.0,11.03.25 14-44-58
24.0,25.5,-47.5,40.0,11.03.25 14-45-01
24.0,25.5,-47.5,40.0,11.03.25 14-45-03
24.0,25.5,-47.5,40.0,11.03.25 14-45-05
24.0,25.5,-48.0,40.0,11.03.25 14-45-08
24.0,25.5,-48.0,40.0,11.03.25 14-45-10
24.0,25.5,-48.0,40.0,11.03.25 14-45-12
24.0,25.5,-48.0,40.0,11.03.25 14-45-17
24.0,25.5,-48.5,40.0,11.03.25 14-45-20
24.0,25.5,-48.5,40.0,11.03.25 14-45-22
24.0,25.5,-48.5,40.0,11.03.25 14-45-24
24.0,25.5,-48.5,40.0,11.03.25 14-45-27
24.0,26.0,-48.5,40.0,11.03.25 14-45-29
24.0,26.0,-49.0,40.0,11.03.25 14-45-31
24.5,26.0,-49.0,40.0,11.03.25 14-45-34
24.0,26.0,-49.0,40.0,11.03.25 14-45-36
24.0,26.0,-49.0,40.0,11.03.25 14-45-38
24.5,26.0,-49.0,40.0,11.03.25 14-45-41
24.5,26.0,-49.0,40.0,11.03.25 14-45-43
24.5,26.0,-49.5,40.0,11.03.25 14-45-45
24.5,26.0,-49.5,40.0,11.03.25 14-45-48
24.5,26.0,-49.5,40.0,11.03.25 14-45-50
24.5,26.0,-49.5,40.0,11.03.25 14-45-52
24.5,26.0,-49.5,40.0,11.03.25 14-45-55
24.5,26.0,-49.5,40.0,11.03.25 14-45-57
24.5,26.0,-50.0,40.0,11.03.25 14-45-59
24.5,26.5,-50.0,40.0,11.03.25 14-46-02
24.5,26.5,-50.0,40.0,11.03.25 14-46-04
24.5,26.5,-50.0,40.0,11.03.25 14-46-06
25.0,26.5,-50.0,40.0,11.03.25 14-46-08
25.0,26.5,-50.5,40.0,11.03.25 14-46-11
25.0,26.5,-50.5,40.0,11.03.25 14-46-13
24.5,26.5,-50.5,40.0,11.03.25 14-46-15
25.0,26.5,-50.5,40.0,11.03.25 14-46-18
25.0,26.5,-50.5,40.0,11.03.25 14-46-20
25.0,26.5,-50.5,39.5,11.03.25 14-46-22
25.0,26.5,-51.0,40.0,11.03.25 14-46-24
25.0,26.5,-51.0,40.0,11.03.25 14-46-27
25.0,26.5,-51.0,40.0,11.03.25 14-46-32
25.0,26.5,-51.0,40.0,11.03.25 14-46-34
25.0,27.0,-51.0,40.0,11.03.25 14-46-37
25.0,27.0,-51.0,39.5,11.03.25 14-46-39
25.0,27.0,-51.5,39.5,11.03.25 14-46-41
25.0,27.0,-51.5,40.0,11.03.25 14-46-44
25.0,27.0,-51.5,39.5,11.03.25 14-46-46
25.0,27.0,-51.5,39.5,11.03.25 14-46-48
25.5,27.0,-51.5,40.0,11.03.25 14-46-50
25.5,27.0,-51.5,39.5,11.03.25 14-46-53
25.5,27.0,-52.0,40.0,11.03.25 14-46-55
25.5,27.0,-52.0,39.5,11.03.25 14-46-57
25.5,27.0,-52.0,39.5,11.03.25 14-47-00
25.5,27.0,-52.0,39.5,11.03.25 14-47-02
25.5,27.0,-52.0,39.5,11.03.25 14-47-05
25.5,27.0,-52.0,39.5,11.03.25 14-47-07
25.5,27.0,-52.5,39.5,11.03.25 14-47-09
25.5,27.5,-52.5,39.5,11.03.25 14-47-12
25.5,27.5,-52.5,39.5,11.03.25 14-47-14
25.5,27.5,-52.5,39.5,11.03.25 14-47-16
25.5,27.5,-52.5,40.0,11.03.25 14-47-18
25.5,27.5,-52.5,39.5,11.03.25 14-47-21
25.5,27.5,-52.5,39.5,11.03.25 14-47-23
25.5,27.5,-53.0,39.5,11.03.25 14-47-25
25.5,27.5,-53.0,39.5,11.03.25 14-47-28
26.0,27.5,-53.0,39.5,11.03.25 14-47-31
26.0,27.5,-53.0,39.5,11.03.25 14-47-33
26.0,27.5,-53.0,39.5,11.03.25 14-47-35
26.0,27.5,-53.0,39.5,11.03.25 14-47-38
26.0,27.5,-53.0,39.5,11.03.25 14-47-40
26.0,27.5,-53.5,39.5,11.03.25 14-47-42
26.0,27.5,-53.5,40.0,11.03.25 14-47-44
26.0,27.5,-53.5,39.5,11.03.25 14-47-47
26.0,27.5,-53.5,39.5,11.03.25 14-47-49
26.0,27.5,-53.5,39.5,11.03.25 14-47-52
26.0,27.5,-53.5,39.5,11.03.25 14-47-54
26.0,27.5,-54.0,39.5,11.03.25 14-47-56
26.0,28.0,-54.0,39.5,11.03.25 14-47-58
26.0,28.0,-54.0,39.5,11.03.25 14-48-01
26.0,28.0,-54.0,39.5,11.03.25 14-48-03
26.0,28.0,-54.0,39.5,11.03.25 14-48-05
26.0,28.0,-54.0,39.5,11.03.25 14-48-08
26.0,28.0,-54.0,39.5,11.03.25 14-48-10
26.5,28.0,-54.0,39.5,11.03.25 14-48-12
26.0,28.0,-54.5,39.5,11.03.25 14-48-14
26.5,28.0,-54.5,39.5,11.03.25 14-48-17
26.0,28.0,-54.5,39.5,11.03.25 14-48-19
26.5,28.0,-54.5,39.5,11.03.25 14-48-21
26.5,28.0,-54.5,39.5,11.03.25 14-48-24
26.5,28.0,-54.5,39.5,11.03.25 14-48-26
26.5,28.0,-54.5,39.5,11.03.25 14-48-28
32.5,33.5,-40.5,37.0,11.03.25 15-31-45
32.5,33.5,-40.5,37.0,11.03.25 15-31-48
32.5,33.5,-40.5,37.5,11.03.25 15-31-50
32.5,33.5,-40.5,37.0,11.03.25 15-31-52
32.5,33.5,-40.5,37.0,11.03.25 15-31-54
32.5,33.5,-40.0,37.0,11.03.25 15-31-57
32.5,33.5,-40.0,37.0,11.03.25 15-31-59
32.5,33.5,-40.0,37.0,11.03.25 15-32-01
32.5,33.5,-40.0,37.0,11.03.25 15-32-04
32.5,33.5,-40.0,37.0,11.03.25 15-32-06
32.5,33.5,-40.0,37.0,11.03.25 15-32-08
32.5,33.5,-40.0,37.0,11.03.25 15-32-11
32.5,33.5,-40.0,37.0,11.03.25 15-32-13
32.5,33.5,-39.5,37.5,11.03.25 15-32-15
32.5,33.5,-39.5,37.0,11.03.25 15-32-17
32.5,33.5,-39.5,37.0,11.03.25 15-32-20
32.5,33.5,-39.5,37.0,11.03.25 15-32-22
32.5,33.5,-39.5,37.0,11.03.25 15-32-24
32.5,33.5,-39.5,37.0,11.03.25 15-32-27
32.5,33.5,-39.5,37.0,11.03.25 15-32-29
32.5,33.5,-39.5,37.0,11.03.25 15-32-31
32.5,33.5,-39.5,37.0,11.03.25 15-32-34
32.5,33.5,-39.5,37.0,11.03.25 15-32-36
32.5,33.5,-39.5,37.0,11.03.25 15-32-38
32.5,33.5,-39.5,37.0,11.03.25 15-32-41
32.5,33.5,-39.0,37.0,11.03.25 15-32-43
32.5,33.5,-39.0,37.0,11.03.25 15-32-48
32.5,33.5,-39.0,37.0,11.03.25 15-32-53
32.5,33.5,-39.0,37.0,11.03.25 15-32-55
32.5,33.5,-39.0,37.0,11.03.25 15-32-58
32.5,33.5,-39.0,37.0,11.03.25 15-33-00
32.5,33.5,-39.0,37.0,11.03.25 15-33-02
32.5,33.5,-39.0,37.0,11.03.25 15-33-05
32.5,33.5,-39.0,37.0,11.03.25 15-33-07
32.5,33.5,-39.0,37.0,11.03.25 15-33-09
32.5,33.5,-39.0,37.0,11.03.25 15-33-11
32.5,33.5,-38.5,37.0,11.03.25 15-33-14
32.5,33.5,-38.5,37.0,11.03.25 15-33-16
32.5,33.5,-38.5,37.0,11.03.25 15-33-18
32.5,33.5,-38.5,37.0,11.03.25 15-33-20
32.5,33.5,-38.5,37.0,11.03.25 15-33-23
32.5,33.5,-38.5,37.0,11.03.25 15-33-25
32.5,33.5,-38.5,37.0,11.03.25 15-33-28
32.5,33.5,-38.5,37.0,11.03.25 15-33-30
32.5,33.5,-38.5,37.0,11.03.25 15-33-32
32.5,33.5,-38.5,37.0,11.03.25 15-33-34
32.5,33.5,-38.5,37.0,11.03.25 15-33-37
32.5,33.5,-38.5,37.0,11.03.25 15-33-42
32.5,33.5,-38.5,37.0,11.03.25 15-33-45
32.5,33.5,-38.5,37.0,11.03.25 15-33-47
32.5,33.5,-38.5,37.0,11.03.25 15-33-49
32.5,33.5,-38.5,37.0,11.03.25 15-33-52
32.5,33.5,-38.5,37.0,11.03.25 15-33-54
32.5,33.5,-38.0,37.0,11.03.25 15-33-56
32.5,33.5,-38.0,37.0,11.03.25 15-33-59
32.5,33.5,-38.0,37.0,11.03.25 15-34-01
32.5,33.5,-38.0,37.0,11.03.25 15-34-03
32.5,33.5,-38.0,37.0,11.03.25 15-34-06
32.5,33.5,-38.0,37.0,11.03.25 15-34-08
32.5,33.5,-38.0,37.0,11.03.25 15-34-10
32.5,33.5,-38.0,37.0,11.03.25 15-34-12
32.5,33.5,-38.0,37.0,11.03.25 15-34-15
32.5,33.5,-38.0,37.0,11.03.25 15-34-18
32.5,33.5,-38.0,37.0,11.03.25 15-34-20
32.5,33.5,-38.0,37.0,11.03.25 15-34-22
32.5,33.5,-38.0,37.0,11.03.25 15-34-24
32.5,33.5,-38.0,37.0,11.03.25 15-34-27
32.5,33.5,-38.0,37.0,11.03.25 15-34-29
32.5,33.5,-38.0,37.0,11.03.25 15-34-31
32.5,33.5,-38.0,37.0,11.03.25 15-34-34
32.5,33.5,-38.0,37.0,11.03.25 15-34-36
32.5,33.5,-38.0,37.0,11.03.25 15-34-38
32.5,33.5,-38.0,37.0,11.03.25 15-34-40
32.5,33.5,-38.0,37.0,11.03.25 15-34-43
32.5,33.5,-38.0,37.0,11.03.25 15-34-45
32.5,33.5,-38.0,37.0,11.03.25 15-34-47
32.5,33.5,-38.0,37.0,11.03.25 15-34-50
32.5,33.5,-38.0,37.0,11.03.25 15-34-52
32.5,33.5,-38.0,37.0,11.03.25 15-34-54
32.5,33.5,-38.0,37.0,11.03.25 15-34-57
32.5,33.5,-38.0,37.0,11.03.25 15-34-59
32.5,33.5,-38.0,37.0,11.03.25 15-35-01
32.5,33.5,-38.0,37.0,11.03.25 15-35-04
32.5,33.5,-38.0,37.0,11.03.25 15-35-06
32.5,33.5,-38.0,37.0,11.03.25 15-35-08
32.5,33.5,-38.0,37.0,11.03.25 15-35-11
32.5,33.5,-38.0,37.0,11.03.25 15-35-13
32.5,33.5,-38.0,37.0,11.03.25 15-35-15
32.5,33.5,-38.0,37.0,11.03.25 15-35-18
32.5,33.5,-38.0,37.0,11.03.25 15-35-20
32.5,33.5,-38.0,37.0,11.03.25 15-35-22
32.5,33.5,-38.0,37.0,11.03.25 15-35-25
32.5,33.5,-38.0,37.0,11.03.25 15-35-27
32.5,33.5,-38.0,37.0,11.03.25 15-35-29
32.5,33.5,-38.0,37.0,11.03.25 15-35-31
32.5,33.5,-38.0,37.0,11.03.25 15-35-34
32.5,33.5,-38.0,37.0,11.03.25 15-35-36
32.5,33.5,-38.0,37.0,11.03.25 15-35-38
32.5,33.5,-38.0,37.0,11.03.25 15-35-41
32.5,33.5,-38.0,37.0,11.03.25 15-35-43
32.5,33.5,-38.0,37.0,11.03.25 15-35-45
32.5,33.5,-38.0,37.0,11.03.25 15-35-48
32.5,33.5,-38.0,37.0,11.03.25 15-35-50
32.5,33.5,-38.0,37.0,11.03.25 15-35-52
32.5,33.5,-38.0,37.0,11.03.25 15-35-54
32.5,33.5,-38.0,37.0,11.03.25 15-35-57
32.5,33.5,-38.0,37.0,11.03.25 15-35-59
32.5,33.5,-38.0,37.0,11.03.25 15-36-04
32.5,33.5,-38.0,37.0,11.03.25 15-36-06
32.5,33.5,-38.0,37.0,11.03.25 15-36-09
32.5,33.5,-38.0,37.0,11.03.25 15-36-11
32.5,33.5,-38.0,37.0,11.03.25 15-36-13
33.0,33.5,-37.5,37.0,11.03.25 15-36-16
32.5,33.5,-38.0,37.0,11.03.25 15-36-18
33.0,33.5,-37.5,37.0,11.03.25 15-36-20
32.5,33.5,-37.5,37.0,11.03.25 15-36-23
32.5,33.5,-37.5,37.0,11.03.25 15-36-25
32.5,33.5,-37.5,37.0,11.03.25 15-36-27
32.5,33.5,-37.5,37.0,11.03.25 15-36-30
33.0,33.5,-37.5,37.0,11.03.25 15-36-32
33.0,33.5,-37.5,37.0,11.03.25 15-36-34
32.5,33.5,-37.5,37.0,11.03.25 15-36-37
32.5,33.5,-37.5,37.0,11.03.25 15-36-39
32.5,33.5,-37.5,37.0,11.03.25 15-36-41
33.0,33.5,-37.5,37.0,11.03.25 15-36-44
32.5,33.5,-37.5,37.0,11.03.25 15-36-46
33.0,33.5,-37.5,37.0,11.03.25 15-36-48
33.0,33.5,-37.5,37.0,11.03.25 15-36-51
33.0,33.5,-37.5,37.0,11.03.25 15-36-53
33.0,33.5,-37.5,37.0,11.03.25 15-36-55
33.0,33.5,-37.5,37.0,11.03.25 15-36-58
32.5,33.5,-37.5,37.0,11.03.25 15-37-00
33.0,33.5,-37.5,37.0,11.03.25 15-37-02
33.0,33.5,-37.5,37.0,11.03.25 15-37-05
33.0,33.5,-37.5,37.0,11.03.25 15-37-07
32.5,33.5,-37.5,37.0,11.03.25 15-37-09
33.0,33.5,-37.5,37.0,11.03.25 15-37-12
33.0,33.5,-37.5,37.0,11.03.25 15-37-14
33.0,33.5,-37.5,37.0,11.03.25 15-37-16
33.0,33.5,-37.5,37.0,11.03.25 15-37-18
33.0,33.5,-37.5,37.0,11.03.25 15-37-21
33.0,33.5,-37.5,37.0,11.03.25 15-37-23
33.0,33.5,-37.5,37.0,11.03.25 15-37-25
33.0,33.5,-37.5,37.0,11.03.25 15-37-28
33.0,33.5,-37.5,37.0,11.03.25 15-37-30
33.0,33.5,-37.0,37.0,11.03.25 15-37-32
33.0,33.5,-37.0,37.0,11.03.25 15-37-35
33.0,33.5,-37.5,37.0,11.03.25 15-37-37
33.0,33.5,-37.5,37.0,11.03.25 15-37-39
33.0,33.5,-37.0,37.0,11.03.25 15-37-41
33.0,33.5,-37.5,37.0,11.03.25 15-37-44
33.0,33.5,-37.0,37.0,11.03.25 15-37-46
33.0,33.5,-37.0,37.0,11.03.25 15-37-48
33.0,33.5,-37.0,37.0,11.03.25 15-37-51
32.5,33.5,-37.0,37.0,11.03.25 15-37-53
33.0,33.5,-37.0,37.0,11.03.25 15-37-55
33.0,33.5,-37.0,37.0,11.03.25 15-37-58
33.0,33.5,-37.0,37.0,11.03.25 15-38-00
33.0,33.5,-37.0,37.0,11.03.25 15-38-02
33.0,33.5,-37.0,37.0,11.03.25 15-38-05
33.0,33.5,-37.0,37.0,11.03.25 15-38-07
33.0,33.5,-37.0,37.0,11.03.25 15-38-09
33.0,33.5,-37.0,37.0,11.03.25 15-38-12
33.0,33.5,-37.0,37.0,11.03.25 15-38-14
33.0,33.5,-37.0,37.0,11.03.25 15-38-17
33.0,33.5,-37.0,37.0,11.03.25 15-38-19
33.0,33.5,-37.0,37.0,11.03.25 15-38-21
32.5,33.5,-37.0,37.0,11.03.25 15-38-24
33.0,33.5,-37.0,37.0,11.03.25 15-38-26
33.0,33.5,-37.0,37.0,11.03.25 15-38-28
33.0,33.5,-37.0,37.0,11.03.25 15-38-31
33.0,33.5,-37.0,37.0,11.03.25 15-38-33
33.0,33.5,-37.0,37.0,11.03.25 15-38-35
33.0,33.5,-37.0,37.0,11.03.25 15-38-37
33.0,33.5,-37.0,37.0,11.03.25 15-38-40
33.0,33.5,-37.0,37.0,11.03.25 15-38-42
33.0,33.5,-37.0,37.0,11.03.25 15-38-44
33.0,33.5,-37.0,37.0,11.03.25 15-38-46
33.0,33.5,-37.0,37.0,11.03.25 15-38-49
33.0,33.5,-37.0,37.0,11.03.25 15-38-51
33.0,33.5,-37.0,37.0,11.03.25 15-38-53
33.0,33.5,-37.0,37.0,11.03.25 15-38-55
33.0,33.5,-37.0,37.0,11.03.25 15-38-58
33.0,33.5,-37.0,37.0,11.03.25 15-39-00
33.0,33.5,-37.0,37.0,11.03.25 15-39-02
33.0,33.5,-37.0,37.0,11.03.25 15-39-05
33.0,33.5,-37.0,37.0,11.03.25 15-39-07
33.0,33.5,-37.0,37.0,11.03.25 15-39-09
33.0,33.5,-37.0,37.0,11.03.25 15-39-12
33.0,33.5,-37.0,37.0,11.03.25 15-39-14
33.0,33.5,-37.0,37.0,11.03.25 15-39-16
33.0,33.5,-37.0,37.0,11.03.25 15-39-18
33.0,33.5,-37.0,37.0,11.03.25 15-39-21
33.0,33.5,-37.0,37.0,11.03.25 15-39-23
33.0,33.5,-37.0,37.0,11.03.25 15-39-26
33.0,33.5,-37.0,37.0,11.03.25 15-39-28
33.0,33.5,-37.0,37.0,11.03.25 15-39-30
33.0,33.5,-37.0,37.0,11.03.25 15-39-33
33.0,33.5,-37.0,37.0,11.03.25 15-39-35
33.0,33.5,-37.0,37.0,11.03.25 15-39-37
33.0,33.5,-37.0,37.0,11.03.25 15-39-39
33.0,33.5,-37.0,37.0,11.03.25 15-39-42
33.0,33.0,-37.0,37.0,11.03.25 15-39-44
33.0,33.0,-37.0,37.0,11.03.25 15-39-47
33.0,32.5,-37.0,37.0,11.03.25 15-39-49
33.0,32.0,-37.0,37.0,11.03.25 15-39-51
33.0,32.0,-37.0,37.0,11.03.25 15-39-54
33.0,31.5,-37.0,37.0,11.03.25 15-39-56
33.0,31.5,-37.0,37.0,11.03.25 15-39-58
33.0,31.0,-37.0,37.0,11.03.25 15-40-01
33.0,31.0,-37.0,37.0,11.03.25 15-40-03
33.0,30.5,-37.0,37.0,11.03.25 15-40-09
33.0,30.5,-37.5,37.0,11.03.25 15-40-11
33.0,30.0,-37.0,37.0,11.03.25 15-40-13
33.0,30.0,-37.0,37.0,11.03.25 15-40-16
33.0,30.0,-37.5,37.0,11.03.25 15-40-18
33.0,29.5,-37.5,37.0,11.03.25 15-40-20
33.0,29.5,-37.5,37.0,11.03.25 15-40-23
33.0,29.5,-37.5,37.0,11.03.25 15-40-25
33.0,29.0,-37.0,37.0,11.03.25 15-40-27
33.0,29.0,-37.5,37.0,11.03.25 15-40-30
33.0,29.0,-37.5,37.0,11.03.25 15-40-32
33.0,29.0,-37.5,37.0,11.03.25 15-40-35
33.0,29.0,-37.5,37.0,11.03.25 15-40-37
33.0,28.5,-37.5,37.0,11.03.25 15-40-39
33.0,28.5,-37.5,37.0,11.03.25 15-40-41
33.0,28.5,-37.5,37.0,11.03.25 15-40-43
33.0,28.5,-37.5,37.0,11.03.25 15-40-46
33.0,28.5,-37.5,37.0,11.03.25 15-40-48
33.0,28.0,-37.5,37.0,11.03.25 15-40-51
33.0,28.0,-37.5,37.0,11.03.25 15-40-53
33.0,28.0,-37.5,37.0,11.03.25 15-40-55
33.0,28.0,-37.5,37.0,11.03.25 15-40-57
33.0,28.0,-37.5,37.0,11.03.25 15-41-00
33.0,28.0,-37.5,37.0,11.03.25 15-41-02
33.0,27.5,-37.5,37.0,11.03.25 15-41-04
33.0,27.5,-37.5,37.0,11.03.25 15-41-07
33.0,27.5,-37.5,37.0,11.03.25 15-41-09
33.0,27.5,-37.5,37.0,11.03.25 15-41-11
33.0,27.5,-37.5,37.0,11.03.25 15-41-13
33.0,27.5,-37.5,37.0,11.03.25 15-41-16
33.0,27.5,-37.5,37.0,11.03.25 15-41-18
33.0,27.5,-37.5,37.0,11.03.25 15-41-21
33.0,27.0,-37.5,37.0,11.03.25 15-41-23
33.0,27.0,-37.5,37.0,11.03.25 15-41-25
33.0,27.0,-37.5,37.0,11.03.25 15-41-28
33.0,27.0,-37.5,37.0,11.03.25 15-41-30
33.0,27.0,-37.5,37.0,11.03.25 15-41-32
33.0,27.0,-37.5,37.0,11.03.25 15-41-34
33.0,27.0,-37.5,37.0,11.03.25 15-41-37
33.0,27.0,-37.5,37.0,11.03.25 15-41-39
33.0,27.0,-37.5,37.0,11.03.25 15-41-41
33.0,27.0,-37.5,37.0,11.03.25 15-41-43
33.0,26.5,-37.5,37.0,11.03.25 15-41-46
33.0,26.5,-37.5,37.0,11.03.25 15-41-48
33.0,26.5,-38.0,37.0,11.03.25 15-41-50
33.0,26.5,-37.5,37.0,11.03.25 15-41-53
33.0,26.5,-37.5,37.0,11.03.25 15-41-55
33.0,26.5,-38.0,37.0,11.03.25 15-41-57
33.0,26.5,-38.0,37.0,11.03.25 15-42-00
33.0,26.5,-38.0,37.0,11.03.25 15-42-02
33.0,26.5,-38.0,37.0,11.03.25 15-42-04
33.0,26.5,-38.0,37.0,11.03.25 15-42-07
33.0,26.5,-38.0,37.0,11.03.25 15-42-09
33.0,26.5,-38.0,37.0,11.03.25 15-42-11
33.0,26.5,-38.0,37.0,11.03.25 15-42-13
33.0,26.5,-38.0,36.5,11.03.25 15-42-16
33.0,26.0,-38.0,37.0,11.03.25 15-42-18
33.0,26.0,-38.0,37.0,11.03.25 15-42-20
33.0,26.0,-38.0,36.5,11.03.25 15-42-23
33.0,26.0,-38.0,37.0,11.03.25 15-42-25
33.0,26.0,-38.0,37.0,11.03.25 15-42-27
33.0,26.0,-38.0,37.0,11.03.25 15-42-30
33.0,26.0,-38.0,37.0,11.03.25 15-42-35
33.0,26.0,-38.0,37.0,11.03.25 15-42-37
33.0,26.0,-38.0,37.0,11.03.25 15-42-39
33.0,26.0,-38.0,36.5,11.03.25 15-42-42
33.0,26.0,-38.0,37.0,11.03.25 15-42-44
33.0,26.0,-38.0,36.5,11.03.25 15-42-46
33.0,26.0,-38.0,37.0,11.03.25 15-42-49
33.0,26.0,-38.0,37.0,11.03.25 15-42-51
33.0,26.0,-38.0,36.5,11.03.25 15-42-53
33.0,26.0,-38.5,36.5,11.03.25 15-42-55
33.0,26.0,-38.0,37.0,11.03.25 15-42-58
33.0,26.0,-38.5,37.0,11.03.25 15-43-00
33.0,25.5,-38.5,36.5,11.03.25 15-43-02
33.0,25.5,-38.5,36.5,11.03.25 15-43-05
33.0,25.5,-38.5,37.0,11.03.25 15-43-07
33.0,25.5,-38.5,36.5,11.03.25 15-43-09
33.0,25.5,-38.5,36.5,11.03.25 15-43-12
33.0,25.5,-38.5,36.5,11.03.25 15-43-14
33.0,25.5,-38.5,36.5,11.03.25 15-43-16
33.0,25.5,-38.5,36.5,11.03.25 15-43-19
33.0,25.5,-38.5,36.5,11.03.25 15-43-21
33.0,25.5,-38.5,37.0,11.03.25 15-43-23
33.0,25.5,-38.5,37.0,11.03.25 15-43-26
33.0,25.5,-38.5,37.0,11.03.25 15-43-28
33.0,25.5,-38.5,37.0,11.03.25 15-43-30
33.0,25.5,-38.5,36.5,11.03.25 15-43-33
33.0,25.5,-38.5,36.5,11.03.25 15-43-35
33.0,25.5,-38.5,36.5,11.03.25 15-43-37
33.0,25.5,-38.5,36.5,11.03.25 15-43-39
33.0,25.5,-38.5,37.0,11.03.25 15-43-42
33.0,25.5,-38.5,36.5,11.03.25 15-43-44
33.0,25.5,-38.5,36.5,11.03.25 15-43-47
33.0,25.5,-38.5,36.5,11.03.25 15-43-49
33.0,25.5,-38.5,36.5,11.03.25 15-43-51
33.0,25.5,-38.5,36.5,11.03.25 15-43-54
33.0,25.5,-39.0,36.5,11.03.25 15-43-56
33.0,25.5,-39.0,36.5,11.03.25 15-43-58
33.0,25.5,-39.0,36.5,11.03.25 15-44-00
33.0,25.5,-39.0,36.5,11.03.25 15-44-03
33.0,25.5,-39.0,36.5,11.03.25 15-44-05
33.0,25.5,-39.0,36.5,11.03.25 15-44-08
33.0,25.5,-39.0,36.5,11.03.25 15-44-10
33.0,25.5,-39.0,36.5,11.03.25 15-44-12
33.0,25.5,-39.0,36.5,11.03.25 15-44-15
33.0,25.5,-39.0,36.5,11.03.25 15-44-17
33.0,25.5,-39.0,36.5,11.03.25 15-44-19
33.0,25.5,-39.0,36.5,11.03.25 15-44-22
33.0,25.0,-39.0,36.5,11.03.25 15-44-24
33.0,25.5,-39.0,36.5,11.03.25 15-44-29
33.0,25.5,-39.0,36.5,11.03.25 15-44-32
32.5,25.0,-39.0,36.5,11.03.25 15-44-34
32.5,25.0,-39.0,36.5,11.03.25 15-44-36
32.5,25.0,-39.0,36.5,11.03.25 15-44-39
32.0,25.0,-39.0,36.5,11.03.25 15-44-41
32.0,25.5,-39.0,36.5,11.03.25 15-44-43
32.0,25.5,-39.0,37.0,11.03.25 15-44-46
32.0,25.5,-39.5,37.0,11.03.25 15-44-48
32.0,25.5,-39.5,37.0,11.03.25 15-44-51
32.0,26.0,-39.5,37.0,11.03.25 15-44-54
31.5,27.0,-39.5,37.0,11.03.25 15-44-56
31.5,27.5,-39.5,37.0,11.03.25 15-44-58
31.5,27.5,-39.5,37.0,11.03.25 15-45-00
31.5,28.0,-39.5,37.0,11.03.25 15-45-03
31.5,28.0,-39.5,37.0,11.03.25 15-45-05
31.5,28.5,-39.5,37.0,11.03.25 15-45-07
31.5,28.5,-39.5,36.5,11.03.25 15-45-09
31.5,28.5,-39.5,36.5,11.03.25 15-45-12
31.5,29.0,-39.5,36.5,11.03.25 15-45-14
31.5,29.0,-39.5,36.5,11.03.25 15-45-16
31.5,29.0,-39.5,37.0,11.03.25 15-45-18
31.5,29.0,-39.5,36.5,11.03.25 15-45-21
31.5,29.0,-39.5,37.0,11.03.25 15-45-23
31.5,29.0,-39.5,36.5,11.03.25 15-45-25
31.5,29.5,-39.5,36.5,11.03.25 15-45-27
31.5,29.5,-39.5,36.5,11.03.25 15-45-30
31.5,29.5,-40.0,36.5,11.03.25 15-45-32
31.5,29.5,-40.0,36.5,11.03.25 15-45-34
31.5,29.5,-40.0,36.5,11.03.25 15-45-37
31.5,29.5,-40.0,37.0,11.03.25 15-45-39
31.5,29.5,-40.0,36.5,11.03.25 15-45-41
31.5,29.5,-40.0,36.5,11.03.25 15-45-43
31.5,29.5,-40.0,36.5,11.03.25 15-45-46
31.5,29.5,-40.0,36.5,11.03.25 15-45-48
31.5,29.5,-40.0,36.5,11.03.25 15-45-50
31.5,29.5,-40.0,36.5,11.03.25 15-45-53
31.5,29.5,-40.0,36.5,11.03.25 15-45-55
31.5,29.5,-40.0,36.5,11.03.25 15-45-57
31.5,30.0,-40.0,36.5,11.03.25 15-45-59
31.5,30.0,-40.0,36.5,11.03.25 15-46-05
31.5,30.0,-40.0,36.5,11.03.25 15-46-07
31.5,30.0,-40.0,36.5,11.03.25 15-46-10
31.5,30.0,-40.5,36.5,11.03.25 15-46-12
31.5,30.0,-40.5,36.5,11.03.25 15-46-15
31.5,30.0,-40.5,36.5,11.03.25 15-46-17
31.5,30.0,-40.5,36.5,11.03.25 15-46-19
31.5,30.0,-40.5,36.5,11.03.25 15-46-22
31.5,30.0,-40.5,36.5,11.03.25 15-46-24
31.5,30.0,-40.5,36.5,11.03.25 15-46-27
31.5,30.0,-40.5,36.5,11.03.25 15-46-29
31.5,30.0,-40.5,36.5,11.03.25 15-46-31
31.5,30.0,-40.5,36.5,11.03.25 15-46-34
31.5,30.0,-40.5,36.5,11.03.25 15-46-36
31.5,30.0,-40.5,36.5,11.03.25 15-46-38
31.5,30.0,-40.5,36.5,11.03.25 15-46-40
31.5,30.0,-40.5,36.5,11.03.25 15-46-43
31.5,30.0,-40.5,36.5,11.03.25 15-46-45
31.5,30.0,-40.5,36.5,11.03.25 15-46-47
31.5,30.0,-40.5,36.5,11.03.25 15-46-50
31.0,30.0,-40.5,36.5,11.03.25 15-46-57
30.5,30.0,-41.0,36.5,11.03.25 15-46-59
31.0,30.0,-41.0,36.5,11.03.25 15-47-01
31.5,30.0,-41.0,36.5,11.03.25 15-47-03
31.5,30.0,-41.0,36.5,11.03.25 15-47-06
32.0,30.0,-41.0,36.5,11.03.25 15-47-08
32.0,30.0,-41.0,36.5,11.03.25 15-47-11
32.0,30.0,-41.0,36.5,11.03.25 15-47-13
32.0,30.0,-41.0,36.5,11.03.25 15-47-15
32.0,30.0,-41.0,36.5,11.03.25 15-47-18
32.0,30.0,-41.0,36.5,11.03.25 15-47-21
32.0,30.0,-41.0,36.5,11.03.25 15-47-23
32.5,30.0,-41.0,36.5,11.03.25 15-47-25
32.0,30.0,-41.0,36.5,11.03.25 15-47-28
32.5,30.0,-41.0,36.5,11.03.25 15-47-30
32.5,30.0,-41.0,36.5,11.03.25 15-47-32
32.5,30.0,-41.5,36.5,11.03.25 15-47-34
32.5,30.0,-41.0,36.5,11.03.25 15-47-37
32.5,30.0,-41.5,36.5,11.03.25 15-47-42
32.5,30.0,-41.5,36.5,11.03.25 15-47-44
32.5,30.0,-41.5,36.5,11.03.25 15-47-47
32.5,30.0,-41.5,36.5,11.03.25 15-47-49
32.5,30.0,-41.5,36.5,11.03.25 15-47-51
32.5,30.0,-41.5,36.5,11.03.25 15-47-54
32.5,30.0,-41.5,36.5,11.03.25 15-47-56
32.5,30.0,-41.5,36.5,11.03.25 15-47-59
32.5,30.0,-41.5,36.5,11.03.25 15-48-01
32.5,30.0,-41.5,36.5,11.03.25 15-48-03
32.5,30.0,-41.5,36.5,11.03.25 15-48-05
32.5,30.0,-41.5,36.5,11.03.25 15-48-08
32.5,30.0,-41.5,36.5,11.03.25 15-48-10
32.5,30.0,-41.5,36.5,11.03.25 15-48-15
32.5,30.0,-41.5,36.5,11.03.25 15-48-18
32.5,30.0,-42.0,36.5,11.03.25 15-48-20
32.5,30.0,-42.0,36.5,11.03.25 15-48-23
32.5,30.0,-42.0,36.5,11.03.25 15-48-27
32.5,30.0,-42.0,36.5,11.03.25 15-48-29
32.5,30.0,-42.0,36.5,11.03.25 15-48-31
32.0,30.0,-42.0,36.5,11.03.25 15-48-34
32.0,30.0,-42.0,36.5,11.03.25 15-48-36
32.5,30.0,-42.0,36.5,11.03.25 15-48-38
32.0,30.0,-42.0,36.5,11.03.25 15-48-41
32.5,30.0,-42.0,36.5,11.03.25 15-48-43
32.0,30.0,-42.0,36.5,11.03.25 15-48-45
32.0,30.0,-42.0,36.5,11.03.25 15-48-48
32.5,30.0,-42.0,36.5,11.03.25 15-48-50
